word,classification,article,reason
Abbau,noun,der,"primary/basic: No IPA found for selector: phonetics (216682 bytes read) | backup/basic: HTTP 403 for https://www.collinsdictionary.com/dictionary/german-english/Abbau | backup/browser: Browser fetch timed out for https://www.collinsdictionary.com/dictionary/german-english/Abbau (title='English Translation of “ABBAU” | Collins German-English Dictionary', bytes=450775)"
abbauen,verb,,primary/basic: No IPA found for selector: phonetics (218397 bytes read) | backup/basic: HTTP 403 for https://www.collinsdictionary.com/dictionary/german-english/abbauen | backup/browser: No IPA found for selector: pron (454152 bytes read)
abbilden,verb,,primary/basic: No IPA found for selector: phonetics (195271 bytes read) | backup/basic: HTTP 403 for https://www.collinsdictionary.com/dictionary/german-english/abbilden | backup/browser: No IPA found for selector: pron (448421 bytes read)
Abbildung,noun,die,primary/basic: No IPA found for selector: phonetics (194550 bytes read) | backup/basic: HTTP 403 for https://www.collinsdictionary.com/dictionary/german-english/Abbildung | backup/browser: No IPA found for selector: pron (451088 bytes read)
abbrechen,verb,,primary/basic: No IPA found for selector: phonetics (338917 bytes read) | backup/basic: HTTP 403 for https://www.collinsdictionary.com/dictionary/german-english/abbrechen | backup/browser: No IPA found for selector: pron (478473 bytes read)
abdecken,verb,,primary/basic: No IPA found for selector: phonetics (215040 bytes read) | backup/basic: HTTP 403 for https://www.collinsdictionary.com/dictionary/german-english/abdecken | backup/browser: No IPA found for selector: pron (449490 bytes read)
Abfall,noun,der,primary/basic: No IPA found for selector: phonetics (183017 bytes read) | backup/basic: HTTP 403 for https://www.collinsdictionary.com/dictionary/german-english/Abfall | backup/browser: No IPA found for selector: pron (418610 bytes read)
abgrenzen,verb,,primary/basic: No IPA found for selector: phonetics (186103 bytes read) | backup/basic: HTTP 403 for https://www.collinsdictionary.com/dictionary/german-english/abgrenzen | backup/browser: No IPA found for selector: pron (375902 bytes read)
Abgrenzung,noun,die,primary/basic: No IPA found for selector: phonetics (169593 bytes read) | backup/basic: HTTP 403 for https://www.collinsdictionary.com/dictionary/german-english/Abgrenzung | backup/browser: No IPA found for selector: pron (372866 bytes read)
abhalten,verb,,primary/basic: No IPA found for selector: phonetics (219264 bytes read) | backup/basic: HTTP 403 for https://www.collinsdictionary.com/dictionary/german-english/abhalten | backup/browser: No IPA found for selector: pron (376464 bytes read)
abheben,verb,,primary/basic: No IPA found for selector: phonetics (240079 bytes read) | backup/basic: HTTP 403 for https://www.collinsdictionary.com/dictionary/german-english/abheben | backup/browser: No IPA found for selector: pron (381150 bytes read)
abholen,verb,,primary/basic: No IPA found for selector: phonetics (195976 bytes read) | backup/basic: HTTP 403 for https://www.collinsdictionary.com/dictionary/german-english/abholen | backup/browser: No IPA found for selector: pron (387187 bytes read)
abhängen,verb,,primary/basic: No IPA found for selector: phonetics (222959 bytes read) | backup/basic: HTTP 403 for https://www.collinsdictionary.com/dictionary/german-english/abh%C3%A4ngen | backup/browser: No IPA found for selector: pron (381456 bytes read)
abhängig,adjective,,"primary/basic: No IPA found for selector: phonetics (193506 bytes read) | backup/basic: HTTP 403 for https://www.collinsdictionary.com/dictionary/german-english/abh%C3%A4ngig | backup/browser: Browser fetch timed out for https://www.collinsdictionary.com/dictionary/german-english/abh%C3%A4ngig (title='English Translation of “ABHÄNGIG” | Collins German-English Dictionary', bytes=4678)"
Abhängigkeit,noun,die,"primary/basic: No IPA found for selector: phonetics (195489 bytes read) | backup/basic: HTTP 403 for https://www.collinsdictionary.com/dictionary/german-english/Abh%C3%A4ngigkeit | backup/browser: Browser fetch timed out for https://www.collinsdictionary.com/dictionary/german-english/Abh%C3%A4ngigkeit (title='Collins Online Dictionary | Definitions, Thesaurus and Translations', bytes=163770)"
Ablauf,noun,der,"primary/basic: No IPA found for selector: phonetics (206277 bytes read) | backup/basic: HTTP 403 for https://www.collinsdictionary.com/dictionary/german-english/Ablauf | backup/browser: Browser fetch timed out for https://www.collinsdictionary.com/dictionary/german-english/Ablauf (title='English Translation of “ABLAUF” | Collins German-English Dictionary', bytes=302278)"
ablaufen,verb,,"primary/basic: No IPA found for selector: phonetics (290690 bytes read) | backup/basic: HTTP 403 for https://www.collinsdictionary.com/dictionary/german-english/ablaufen | backup/browser: Browser fetch timed out for https://www.collinsdictionary.com/dictionary/german-english/ablaufen (title='English Translation of “ABLAUFEN” | Collins German-English Dictionary', bytes=373468)"
ablegen,verb,,"primary/basic: No IPA found for selector: phonetics (265634 bytes read) | backup/basic: HTTP 403 for https://www.collinsdictionary.com/dictionary/german-english/ablegen | backup/browser: Browser fetch timed out for https://www.collinsdictionary.com/dictionary/german-english/ablegen (title='English Translation of “ABLEGEN” | Collins German-English Dictionary', bytes=365720)"
ablehnen,verb,,"primary/basic: No IPA found for selector: phonetics (230202 bytes read) | backup/basic: HTTP 403 for https://www.collinsdictionary.com/dictionary/german-english/ablehnen | backup/browser: Browser fetch timed out for https://www.collinsdictionary.com/dictionary/german-english/ablehnen (title='English Translation of “ABLEHNEN” | Collins German-English Dictionary', bytes=289255)"
Ablehnung,noun,die,"primary/basic: No IPA found for selector: phonetics (193189 bytes read) | backup/basic: HTTP 403 for https://www.collinsdictionary.com/dictionary/german-english/Ablehnung | backup/browser: Browser fetch timed out for https://www.collinsdictionary.com/dictionary/german-english/Ablehnung (title='English Translation of “ABLEHNUNG” | Collins German-English Dictionary', bytes=245264)"
ableiten,verb,,"primary/basic: No IPA found for selector: phonetics (212850 bytes read) | backup/basic: HTTP 403 for https://www.collinsdictionary.com/dictionary/german-english/ableiten | backup/browser: Browser fetch timed out for https://www.collinsdictionary.com/dictionary/german-english/ableiten (title='English Translation of “ABLEITEN” | Collins German-English Dictionary', bytes=358578)"
ablenken,verb,,"primary/basic: No IPA found for selector: phonetics (221872 bytes read) | backup/basic: HTTP 403 for https://www.collinsdictionary.com/dictionary/german-english/ablenken | backup/browser: Browser fetch timed out for https://www.collinsdictionary.com/dictionary/german-english/ablenken (title='English Translation of “ABLENKEN” | Collins German-English Dictionary', bytes=322120)"
ablösen,verb,,"primary/basic: No IPA found for selector: phonetics (243471 bytes read) | backup/basic: HTTP 403 for https://www.collinsdictionary.com/dictionary/german-english/abl%C3%B6sen | backup/browser: Browser fetch timed out for https://www.collinsdictionary.com/dictionary/german-english/abl%C3%B6sen (title='English Translation of “ABLÖSEN” | Collins German-English Dictionary', bytes=23230)"
abnehmen,verb,,"primary/basic: No IPA found for selector: phonetics (426575 bytes read) | backup/basic: HTTP 403 for https://www.collinsdictionary.com/dictionary/german-english/abnehmen | backup/browser: Browser fetch timed out for https://www.collinsdictionary.com/dictionary/german-english/abnehmen (title='English Translation of “ABNEHMEN” | Collins German-English Dictionary', bytes=199671)"
abreißen,verb,,"primary/basic: No IPA found for selector: phonetics (234250 bytes read) | backup/basic: HTTP 403 for https://www.collinsdictionary.com/dictionary/german-english/abrei%C3%9Fen | backup/browser: Browser fetch timed out for https://www.collinsdictionary.com/dictionary/german-english/abrei%C3%9Fen (title='English Translation of “ABREISSEN” | Collins German-English Dictionary', bytes=197829)"
Absatz,noun,der,"primary/basic: No IPA found for selector: phonetics (207742 bytes read) | backup/basic: HTTP 403 for https://www.collinsdictionary.com/dictionary/german-english/Absatz | backup/browser: Browser fetch timed out for https://www.collinsdictionary.com/dictionary/german-english/Absatz (title='English Translation of “ABSATZ” | Collins German-English Dictionary', bytes=197570)"
abschalten,verb,,"primary/basic: No IPA found for selector: phonetics (199782 bytes read) | backup/basic: HTTP 403 for https://www.collinsdictionary.com/dictionary/german-english/abschalten | backup/browser: Browser fetch timed out for https://www.collinsdictionary.com/dictionary/german-english/abschalten (title='English Translation of “ABSCHALTEN” | Collins German-English Dictionary', bytes=199669)"
abschließen,verb,,"primary/basic: No IPA found for selector: phonetics (313539 bytes read) | backup/basic: HTTP 403 for https://www.collinsdictionary.com/dictionary/german-english/abschlie%C3%9Fen | backup/browser: Browser fetch timed out for https://www.collinsdictionary.com/dictionary/german-english/abschlie%C3%9Fen (title='English Translation of “ABSCHLIESSEN” | Collins German-English Dictionary', bytes=197684)"
abschließend,adverb,,"primary/basic: No IPA found for selector: phonetics (313650 bytes read) | backup/basic: HTTP 403 for https://www.collinsdictionary.com/dictionary/german-english/abschlie%C3%9Fend | backup/browser: Browser fetch timed out for https://www.collinsdictionary.com/dictionary/german-english/abschlie%C3%9Fend (title='English Translation of “ABSCHLIESSEND” | Collins German-English Dictionary', bytes=197598)"
Abschluss,noun,der,"primary/basic: No IPA found for selector: phonetics (276101 bytes read) | backup/basic: HTTP 403 for https://www.collinsdictionary.com/dictionary/german-english/Abschluss | backup/browser: Browser fetch timed out for https://www.collinsdictionary.com/dictionary/german-english/Abschluss (title='English Translation of “ABSCHLUSS” | Collins German-English Dictionary', bytes=207678)"
abschneiden,verb,,"primary/basic: No IPA found for selector: phonetics (228799 bytes read) | backup/basic: HTTP 403 for https://www.collinsdictionary.com/dictionary/german-english/abschneiden | backup/browser: Browser fetch timed out for https://www.collinsdictionary.com/dictionary/german-english/abschneiden (title='English Translation of “ABSCHNEIDEN” | Collins German-English Dictionary', bytes=199688)"
Abschnitt,noun,der,"primary/basic: No IPA found for selector: phonetics (287476 bytes read) | backup/basic: HTTP 403 for https://www.collinsdictionary.com/dictionary/german-english/Abschnitt | backup/browser: Browser fetch timed out for https://www.collinsdictionary.com/dictionary/german-english/Abschnitt (title='English Translation of “ABSCHNITT” | Collins German-English Dictionary', bytes=215283)"
Abschreibung,noun,die,"primary/basic: No IPA found for selector: phonetics (247114 bytes read) | backup/basic: HTTP 403 for https://www.collinsdictionary.com/dictionary/german-english/Abschreibung | backup/browser: Browser fetch timed out for https://www.collinsdictionary.com/dictionary/german-english/Abschreibung (title='English Translation of “ABSCHREIBUNG” | Collins German-English Dictionary', bytes=197664)"
absehen,verb,,"primary/basic: No IPA found for selector: phonetics (228482 bytes read) | backup/basic: HTTP 403 for https://www.collinsdictionary.com/dictionary/german-english/absehen | backup/browser: Browser fetch timed out for https://www.collinsdictionary.com/dictionary/german-english/absehen (title='English Translation of “ABSEHEN” | Collins German-English Dictionary', bytes=227888)"
absetzen,verb,,"primary/basic: No IPA found for selector: phonetics (321768 bytes read) | backup/basic: HTTP 403 for https://www.collinsdictionary.com/dictionary/german-english/absetzen | backup/browser: Browser fetch timed out for https://www.collinsdictionary.com/dictionary/german-english/absetzen (title='English Translation of “ABSETZEN” | Collins German-English Dictionary', bytes=197705)"
Absicht,noun,die,"primary/basic: No IPA found for selector: phonetics (218121 bytes read) | backup/basic: HTTP 403 for https://www.collinsdictionary.com/dictionary/german-english/Absicht | backup/browser: Browser fetch timed out for https://www.collinsdictionary.com/dictionary/german-english/Absicht (title='English Translation of “ABSICHT” | Collins German-English Dictionary', bytes=197568)"
abspielen,verb,,"primary/basic: No IPA found for selector: phonetics (197536 bytes read) | backup/basic: HTTP 403 for https://www.collinsdictionary.com/dictionary/german-english/abspielen | backup/browser: Browser fetch timed out for https://www.collinsdictionary.com/dictionary/german-english/abspielen (title='English Translation of “ABSPIELEN” | Collins German-English Dictionary', bytes=207658)"
Abstand,noun,der,"primary/basic: No IPA found for selector: phonetics (302569 bytes read) | backup/basic: HTTP 403 for https://www.collinsdictionary.com/dictionary/german-english/Abstand | backup/browser: Browser fetch timed out for https://www.collinsdictionary.com/dictionary/german-english/Abstand (title='English Translation of “ABSTAND” | Collins German-English Dictionary', bytes=242050)"
abstellen,verb,,"primary/basic: No IPA found for selector: phonetics (260382 bytes read) | backup/basic: HTTP 403 for https://www.collinsdictionary.com/dictionary/german-english/abstellen | backup/browser: Browser fetch timed out for https://www.collinsdictionary.com/dictionary/german-english/abstellen (title='English Translation of “ABSTELLEN” | Collins German-English Dictionary', bytes=199628)"
abstimmen,verb,,"primary/basic: No IPA found for selector: phonetics (233475 bytes read) | backup/basic: HTTP 403 for https://www.collinsdictionary.com/dictionary/german-english/abstimmen | backup/browser: Browser fetch timed out for https://www.collinsdictionary.com/dictionary/german-english/abstimmen (title='English Translation of “ABSTIMMEN” | Collins German-English Dictionary', bytes=199663)"
Abstimmung,noun,die,"primary/basic: No IPA found for selector: phonetics (205999 bytes read) | backup/basic: HTTP 403 for https://www.collinsdictionary.com/dictionary/german-english/Abstimmung | backup/browser: Browser fetch timed out for https://www.collinsdictionary.com/dictionary/german-english/Abstimmung (title='English Translation of “ABSTIMMUNG” | Collins German-English Dictionary', bytes=199603)"
Abteilung,noun,die,"primary/basic: No IPA found for selector: phonetics (210621 bytes read) | backup/basic: HTTP 403 for https://www.collinsdictionary.com/dictionary/german-english/Abteilung | backup/browser: Browser fetch timed out for https://www.collinsdictionary.com/dictionary/german-english/Abteilung (title='English Translation of “ABTEILUNG” | Collins German-English Dictionary', bytes=196667)"
abwarten,verb,,"primary/basic: No IPA found for selector: phonetics (207004 bytes read) | backup/basic: HTTP 403 for https://www.collinsdictionary.com/dictionary/german-english/abwarten | backup/browser: Browser fetch timed out for https://www.collinsdictionary.com/dictionary/german-english/abwarten (title='English Translation of “ABWARTEN” | Collins German-English Dictionary', bytes=197524)"
Abwehr,noun,die,"primary/basic: No IPA found for selector: phonetics (204518 bytes read) | backup/basic: HTTP 403 for https://www.collinsdictionary.com/dictionary/german-english/Abwehr | backup/browser: Browser fetch timed out for https://www.collinsdictionary.com/dictionary/german-english/Abwehr (title='English Translation of “ABWEHR” | Collins German-English Dictionary', bytes=199540)"
abweichen,verb,,"primary/basic: No IPA found for selector: phonetics (187576 bytes read) | backup/basic: HTTP 403 for https://www.collinsdictionary.com/dictionary/german-english/abweichen | backup/browser: Browser fetch timed out for https://www.collinsdictionary.com/dictionary/german-english/abweichen (title='English Translation of “ABWEICHEN” | Collins German-English Dictionary', bytes=197607)"
abwenden,verb,,"primary/basic: No IPA found for selector: phonetics (203696 bytes read) | backup/basic: HTTP 403 for https://www.collinsdictionary.com/dictionary/german-english/abwenden | backup/browser: Browser fetch timed out for https://www.collinsdictionary.com/dictionary/german-english/abwenden (title='English Translation of “ABWENDEN” | Collins German-English Dictionary', bytes=197588)"
abzeichnen,verb,,"primary/basic: No IPA found for selector: phonetics (199596 bytes read) | backup/basic: HTTP 403 for https://www.collinsdictionary.com/dictionary/german-english/abzeichnen | backup/browser: Browser fetch timed out for https://www.collinsdictionary.com/dictionary/german-english/abzeichnen (title='English Translation of “ABZEICHNEN” | Collins German-English Dictionary', bytes=199669)"
abziehen,verb,,"primary/basic: No IPA found for selector: phonetics (291389 bytes read) | backup/basic: HTTP 403 for https://www.collinsdictionary.com/dictionary/german-english/abziehen | backup/browser: Browser fetch timed out for https://www.collinsdictionary.com/dictionary/german-english/abziehen (title='English Translation of “ABZIEHEN” | Collins German-English Dictionary', bytes=196775)"
Ahnung,noun,die,"primary/basic: No IPA found for selector: phonetics (232383 bytes read) | backup/basic: HTTP 403 for https://www.collinsdictionary.com/dictionary/german-english/Ahnung | backup/browser: Browser fetch timed out for https://www.collinsdictionary.com/dictionary/german-english/Ahnung (title='English Translation of “AHNUNG” | Collins German-English Dictionary', bytes=209578)"
"allein, alleine",adverb,,"primary/basic: No IPA found for selector: phonetics (253773 bytes read) | backup/basic: HTTP 403 for https://www.collinsdictionary.com/dictionary/german-english/allein%2C%20alleine | backup/browser: Browser fetch timed out for https://www.collinsdictionary.com/dictionary/german-english/allein%2C%20alleine (title='Collins Online Dictionary | Definitions, Thesaurus and Translations', bytes=136491)"
amtlich,adjective,,"primary/basic: No IPA found for selector: phonetics (227899 bytes read) | backup/basic: HTTP 403 for https://www.collinsdictionary.com/dictionary/german-english/amtlich | backup/browser: Browser fetch timed out for https://www.collinsdictionary.com/dictionary/german-english/amtlich (title='English Translation of “AMTLICH” | Collins German-English Dictionary', bytes=197646)"
anbieten,verb,,"primary/basic: No IPA found for selector: phonetics (237940 bytes read) | backup/basic: HTTP 403 for https://www.collinsdictionary.com/dictionary/german-english/anbieten | backup/browser: Browser fetch timed out for https://www.collinsdictionary.com/dictionary/german-english/anbieten (title='English Translation of “ANBIETEN” | Collins German-English Dictionary', bytes=240888)"
Anbieter,noun,der,"primary/basic: No IPA found for selector: phonetics (158589 bytes read) | backup/basic: HTTP 403 for https://www.collinsdictionary.com/dictionary/german-english/Anbieter | backup/browser: Browser fetch timed out for https://www.collinsdictionary.com/dictionary/german-english/Anbieter (title='English Translation of “ANBIETER” | Collins German-English Dictionary', bytes=263394)"
Anblick,noun,der,"primary/basic: No IPA found for selector: phonetics (186905 bytes read) | backup/basic: HTTP 403 for https://www.collinsdictionary.com/dictionary/german-english/Anblick | backup/browser: Browser fetch timed out for https://www.collinsdictionary.com/dictionary/german-english/Anblick (title='English Translation of “ANBLICK” | Collins German-English Dictionary', bytes=199612)"
anbringen,verb,,"primary/basic: No IPA found for selector: phonetics (219284 bytes read) | backup/basic: HTTP 403 for https://www.collinsdictionary.com/dictionary/german-english/anbringen | backup/browser: Browser fetch timed out for https://www.collinsdictionary.com/dictionary/german-english/anbringen (title='English Translation of “ANBRINGEN” | Collins German-English Dictionary', bytes=209721)"
andeuten,verb,,"primary/basic: No IPA found for selector: phonetics (202707 bytes read) | backup/basic: HTTP 403 for https://www.collinsdictionary.com/dictionary/german-english/andeuten | backup/browser: Browser fetch timed out for https://www.collinsdictionary.com/dictionary/german-english/andeuten (title='English Translation of “ANDEUTEN” | Collins German-English Dictionary', bytes=197608)"
Anerkennung,noun,die,"primary/basic: No IPA found for selector: phonetics (214975 bytes read) | backup/basic: HTTP 403 for https://www.collinsdictionary.com/dictionary/german-english/Anerkennung | backup/browser: Browser fetch timed out for https://www.collinsdictionary.com/dictionary/german-english/Anerkennung (title='English Translation of “ANERKENNUNG” | Collins German-English Dictionary', bytes=199701)"
anfallen,verb,,"primary/basic: No IPA found for selector: phonetics (217016 bytes read) | backup/basic: HTTP 403 for https://www.collinsdictionary.com/dictionary/german-english/anfallen | backup/browser: Browser fetch timed out for https://www.collinsdictionary.com/dictionary/german-english/anfallen (title='English Translation of “ANFALLEN” | Collins German-English Dictionary', bytes=197580)"
Anfang,noun,der,"primary/basic: No IPA found for selector: phonetics (260802 bytes read) | backup/basic: HTTP 403 for https://www.collinsdictionary.com/dictionary/german-english/Anfang | backup/browser: Browser fetch timed out for https://www.collinsdictionary.com/dictionary/german-english/Anfang (title='English Translation of “ANFANG” | Collins German-English Dictionary', bytes=199613)"
anfangen,verb,,"primary/basic: No IPA found for selector: phonetics (274056 bytes read) | backup/basic: HTTP 403 for https://www.collinsdictionary.com/dictionary/german-english/anfangen | backup/browser: Browser fetch timed out for https://www.collinsdictionary.com/dictionary/german-english/anfangen (title='English Translation of “ANFANGEN” | Collins German-English Dictionary', bytes=200258)"
anfangs,adverb,,"primary/basic: No IPA found for selector: phonetics (263756 bytes read) | backup/basic: HTTP 403 for https://www.collinsdictionary.com/dictionary/german-english/anfangs | backup/browser: Browser fetch timed out for https://www.collinsdictionary.com/dictionary/german-english/anfangs (title='English Translation of “ANFANGS” | Collins German-English Dictionary', bytes=197569)"
Anforderung,noun,die,"primary/basic: No IPA found for selector: phonetics (192849 bytes read) | backup/basic: HTTP 403 for https://www.collinsdictionary.com/dictionary/german-english/Anforderung | backup/browser: Browser fetch timed out for https://www.collinsdictionary.com/dictionary/german-english/Anforderung (title='English Translation of “ANFORDERUNG” | Collins German-English Dictionary', bytes=199688)"
Anfrage,noun,die,"primary/basic: No IPA found for selector: phonetics (219786 bytes read) | backup/basic: HTTP 403 for https://www.collinsdictionary.com/dictionary/german-english/Anfrage | backup/browser: Browser fetch timed out for https://www.collinsdictionary.com/dictionary/german-english/Anfrage (title='English Translation of “ANFRAGE” | Collins German-English Dictionary', bytes=197561)"
anführen,verb,,"primary/basic: No IPA found for selector: phonetics (275151 bytes read) | backup/basic: HTTP 403 for https://www.collinsdictionary.com/dictionary/german-english/anf%C3%BChren | backup/browser: Browser fetch timed out for https://www.collinsdictionary.com/dictionary/german-english/anf%C3%BChren (title='English Translation of “ANFÜHREN” | Collins German-English Dictionary', bytes=199624)"
Angabe,noun,die,"primary/basic: No IPA found for selector: phonetics (271294 bytes read) | backup/basic: HTTP 403 for https://www.collinsdictionary.com/dictionary/german-english/Angabe | backup/browser: Browser fetch timed out for https://www.collinsdictionary.com/dictionary/german-english/Angabe (title='English Translation of “ANGABE” | Collins German-English Dictionary', bytes=199606)"
angeben,verb,,"primary/basic: No IPA found for selector: phonetics (336106 bytes read) | backup/basic: HTTP 403 for https://www.collinsdictionary.com/dictionary/german-english/angeben | backup/browser: Browser fetch timed out for https://www.collinsdictionary.com/dictionary/german-english/angeben (title='English Translation of “ANGEBEN” | Collins German-English Dictionary', bytes=199632)"
Angebot,noun,das,"primary/basic: No IPA found for selector: phonetics (241532 bytes read) | backup/basic: HTTP 403 for https://www.collinsdictionary.com/dictionary/german-english/Angebot | backup/browser: Browser fetch timed out for https://www.collinsdictionary.com/dictionary/german-english/Angebot (title='Just a moment...', bytes=6224)"
angehen,verb,,"primary/basic: No IPA found for selector: phonetics (276225 bytes read) | backup/basic: HTTP 403 for https://www.collinsdictionary.com/dictionary/german-english/angehen | backup/browser: Browser fetch timed out for https://www.collinsdictionary.com/dictionary/german-english/angehen (title='English Translation of “ANGEHEN” | Collins German-English Dictionary', bytes=197589)"
angehören,verb,,"primary/basic: No IPA found for selector: phonetics (179928 bytes read) | backup/basic: HTTP 403 for https://www.collinsdictionary.com/dictionary/german-english/angeh%C3%B6ren | backup/browser: Browser fetch timed out for https://www.collinsdictionary.com/dictionary/german-english/angeh%C3%B6ren (title='English Translation of “ANGEHÖREN” | Collins German-English Dictionary', bytes=220820)"
Angehörige,noun,der/die,"primary/basic: No IPA found for selector: phonetics (163805 bytes read) | backup/basic: HTTP 403 for https://www.collinsdictionary.com/dictionary/german-english/Angeh%C3%B6rige | backup/browser: Browser fetch timed out for https://www.collinsdictionary.com/dictionary/german-english/Angeh%C3%B6rige (title='Collins Online Dictionary | Definitions, Thesaurus and Translations', bytes=165050)"
Angelegenheit,noun,die,"primary/basic: No IPA found for selector: phonetics (185138 bytes read) | backup/basic: HTTP 403 for https://www.collinsdictionary.com/dictionary/german-english/Angelegenheit | backup/browser: Browser fetch timed out for https://www.collinsdictionary.com/dictionary/german-english/Angelegenheit (title='English Translation of “ANGELEGENHEIT” | Collins German-English Dictionary', bytes=209640)"
angenehm,adjective,,"primary/basic: No IPA found for selector: phonetics (203367 bytes read) | backup/basic: HTTP 403 for https://www.collinsdictionary.com/dictionary/german-english/angenehm | backup/browser: Browser fetch timed out for https://www.collinsdictionary.com/dictionary/german-english/angenehm (title='English Translation of “ANGENEHM” | Collins German-English Dictionary', bytes=200258)"
Angestellte,noun,der/die,"primary/basic: No IPA found for selector: phonetics (315898 bytes read) | backup/basic: HTTP 403 for https://www.collinsdictionary.com/dictionary/german-english/Angestellte | backup/browser: Browser fetch timed out for https://www.collinsdictionary.com/dictionary/german-english/Angestellte (title='English Translation of “ANGESTELLTE” | Collins German-English Dictionary', bytes=197638)"
angucken,verb,,"primary/basic: No IPA found for selector: phonetics (163757 bytes read) | backup/basic: HTTP 403 for https://www.collinsdictionary.com/dictionary/german-english/angucken | backup/browser: Browser fetch timed out for https://www.collinsdictionary.com/dictionary/german-english/angucken (title='English Translation of “ANGUCKEN” | Collins German-English Dictionary', bytes=209682)"
anhalten,verb,,"primary/basic: No IPA found for selector: phonetics (260297 bytes read) | backup/basic: HTTP 403 for https://www.collinsdictionary.com/dictionary/german-english/anhalten | backup/browser: Browser fetch timed out for https://www.collinsdictionary.com/dictionary/german-english/anhalten (title='English Translation of “ANHALTEN” | Collins German-English Dictionary', bytes=199651)"
Anhänger,noun,der,"primary/basic: No IPA found for selector: phonetics (207692 bytes read) | backup/basic: HTTP 403 for https://www.collinsdictionary.com/dictionary/german-english/Anh%C3%A4nger | backup/browser: Browser fetch timed out for https://www.collinsdictionary.com/dictionary/german-english/Anh%C3%A4nger (title='Collins Online Dictionary | Definitions, Thesaurus and Translations', bytes=134448)"
anhören,verb,,"primary/basic: No IPA found for selector: phonetics (227958 bytes read) | backup/basic: HTTP 403 for https://www.collinsdictionary.com/dictionary/german-english/anh%C3%B6ren | backup/browser: Browser fetch timed out for https://www.collinsdictionary.com/dictionary/german-english/anh%C3%B6ren (title='English Translation of “ANHÖREN” | Collins German-English Dictionary', bytes=197589)"
ankündigen,verb,,"primary/basic: No IPA found for selector: phonetics (240575 bytes read) | backup/basic: HTTP 403 for https://www.collinsdictionary.com/dictionary/german-english/ank%C3%BCndigen | backup/browser: Browser fetch timed out for https://www.collinsdictionary.com/dictionary/german-english/ank%C3%BCndigen (title='English Translation of “ANKÜNDIGEN” | Collins German-English Dictionary', bytes=228094)"
Anlage,noun,die,"primary/basic: No IPA found for selector: phonetics (321949 bytes read) | backup/basic: HTTP 403 for https://www.collinsdictionary.com/dictionary/german-english/Anlage | backup/browser: Browser fetch timed out for https://www.collinsdictionary.com/dictionary/german-english/Anlage (title='English Translation of “ANLAGE” | Collins German-English Dictionary', bytes=197569)"
anlegen,verb,,"primary/basic: No IPA found for selector: phonetics (316459 bytes read) | backup/basic: HTTP 403 for https://www.collinsdictionary.com/dictionary/german-english/anlegen | backup/browser: Browser fetch timed out for https://www.collinsdictionary.com/dictionary/german-english/anlegen (title='English Translation of “ANLEGEN” | Collins German-English Dictionary', bytes=197568)"
Anliegen,noun,das,"primary/basic: No IPA found for selector: phonetics (212874 bytes read) | backup/basic: HTTP 403 for https://www.collinsdictionary.com/dictionary/german-english/Anliegen | backup/browser: Browser fetch timed out for https://www.collinsdictionary.com/dictionary/german-english/Anliegen (title='English Translation of “ANLIEGEN” | Collins German-English Dictionary', bytes=199631)"
anmelden,verb,,"primary/basic: No IPA found for selector: phonetics (261864 bytes read) | backup/basic: HTTP 403 for https://www.collinsdictionary.com/dictionary/german-english/anmelden | backup/browser: Browser fetch timed out for https://www.collinsdictionary.com/dictionary/german-english/anmelden (title='English Translation of “ANMELDEN” | Collins German-English Dictionary', bytes=197608)"
anmerken,verb,,"primary/basic: No IPA found for selector: phonetics (207958 bytes read) | backup/basic: HTTP 403 for https://www.collinsdictionary.com/dictionary/german-english/anmerken | backup/browser: Browser fetch timed out for https://www.collinsdictionary.com/dictionary/german-english/anmerken (title='English Translation of “ANMERKEN” | Collins German-English Dictionary', bytes=375666)"
annehmen,verb,,"primary/basic: No IPA found for selector: phonetics (287644 bytes read) | backup/basic: HTTP 403 for https://www.collinsdictionary.com/dictionary/german-english/annehmen | backup/browser: Browser fetch timed out for https://www.collinsdictionary.com/dictionary/german-english/annehmen (title='German Translation of “ACCEPT” | Collins English-German Dictionary', bytes=382980)"
anordnen,verb,,"primary/basic: No IPA found for selector: phonetics (189964 bytes read) | backup/basic: HTTP 403 for https://www.collinsdictionary.com/dictionary/german-english/anordnen | backup/browser: Browser fetch timed out for https://www.collinsdictionary.com/dictionary/german-english/anordnen (title='English Translation of “ANORDNEN” | Collins German-English Dictionary', bytes=197588)"
Anordnung,noun,die,"primary/basic: No IPA found for selector: phonetics (201592 bytes read) | backup/basic: HTTP 403 for https://www.collinsdictionary.com/dictionary/german-english/Anordnung | backup/browser: Browser fetch timed out for https://www.collinsdictionary.com/dictionary/german-english/Anordnung (title='English Translation of “ANORDNUNG” | Collins German-English Dictionary', bytes=197607)"
anpassen,verb,,"primary/basic: No IPA found for selector: phonetics (215895 bytes read) | backup/basic: HTTP 403 for https://www.collinsdictionary.com/dictionary/german-english/anpassen | backup/browser: Browser fetch timed out for https://www.collinsdictionary.com/dictionary/german-english/anpassen (title='English Translation of “ANPASSEN” | Collins German-English Dictionary', bytes=391207)"
Anpassung,noun,die,"primary/basic: No IPA found for selector: phonetics (189603 bytes read) | backup/basic: HTTP 403 for https://www.collinsdictionary.com/dictionary/german-english/Anpassung | backup/browser: Browser fetch timed out for https://www.collinsdictionary.com/dictionary/german-english/Anpassung (title='English Translation of “ANPASSUNG” | Collins German-English Dictionary', bytes=380533)"
anregen,verb,,"primary/basic: No IPA found for selector: phonetics (210230 bytes read) | backup/basic: HTTP 403 for https://www.collinsdictionary.com/dictionary/german-english/anregen | backup/browser: Browser fetch timed out for https://www.collinsdictionary.com/dictionary/german-english/anregen (title='English Translation of “ANREGEN” | Collins German-English Dictionary', bytes=379447)"
Anregung,noun,die,"primary/basic: No IPA found for selector: phonetics (185266 bytes read) | backup/basic: HTTP 403 for https://www.collinsdictionary.com/dictionary/german-english/Anregung | backup/browser: Browser fetch timed out for https://www.collinsdictionary.com/dictionary/german-english/Anregung (title='English Translation of “ANREGUNG” | Collins German-English Dictionary', bytes=207639)"
anrichten,verb,,"primary/basic: No IPA found for selector: phonetics (223343 bytes read) | backup/basic: HTTP 403 for https://www.collinsdictionary.com/dictionary/german-english/anrichten | backup/browser: Browser fetch timed out for https://www.collinsdictionary.com/dictionary/german-english/anrichten (title='English Translation of “ANRICHTEN” | Collins German-English Dictionary', bytes=197607)"
anrufen,verb,,"primary/basic: No IPA found for selector: phonetics (242726 bytes read) | backup/basic: HTTP 403 for https://www.collinsdictionary.com/dictionary/german-english/anrufen | backup/browser: Browser fetch timed out for https://www.collinsdictionary.com/dictionary/german-english/anrufen (title='English Translation of “ANRUFEN” | Collins German-English Dictionary', bytes=461151)"
Ansatz,noun,der,"primary/basic: No IPA found for selector: phonetics (270661 bytes read) | backup/basic: HTTP 403 for https://www.collinsdictionary.com/dictionary/german-english/Ansatz | backup/browser: Browser fetch timed out for https://www.collinsdictionary.com/dictionary/german-english/Ansatz (title='English Translation of “ANSATZ” | Collins German-English Dictionary', bytes=379462)"
anschauen,verb,,"primary/basic: No IPA found for selector: phonetics (223948 bytes read) | backup/basic: HTTP 403 for https://www.collinsdictionary.com/dictionary/german-english/anschauen | backup/browser: Browser fetch timed out for https://www.collinsdictionary.com/dictionary/german-english/anschauen (title='English Translation of “ANSCHAUEN” | Collins German-English Dictionary', bytes=4696)"
anscheinend,adjective,,"primary/basic: No IPA found for selector: phonetics (156978 bytes read) | backup/basic: HTTP 403 for https://www.collinsdictionary.com/dictionary/german-english/anscheinend | backup/browser: Browser fetch timed out for https://www.collinsdictionary.com/dictionary/german-english/anscheinend (title='English Translation of “ANSCHEINEND” | Collins German-English Dictionary', bytes=181909)"
Anschlag,noun,der,"primary/basic: No IPA found for selector: phonetics (265327 bytes read) | backup/basic: HTTP 403 for https://www.collinsdictionary.com/dictionary/german-english/Anschlag | backup/browser: Browser fetch timed out for https://www.collinsdictionary.com/dictionary/german-english/Anschlag (title='English Translation of “ANSCHLAG” | Collins German-English Dictionary', bytes=197524)"
anschließen,verb,,"primary/basic: No IPA found for selector: phonetics (244985 bytes read) | backup/basic: HTTP 403 for https://www.collinsdictionary.com/dictionary/german-english/anschlie%C3%9Fen | backup/browser: Browser fetch timed out for https://www.collinsdictionary.com/dictionary/german-english/anschlie%C3%9Fen (title='English Translation of “ANSCHLIESSEN” | Collins German-English Dictionary', bytes=197684)"
anschließend,adverb,,"primary/basic: No IPA found for selector: phonetics (242016 bytes read) | backup/basic: HTTP 403 for https://www.collinsdictionary.com/dictionary/german-english/anschlie%C3%9Fend | backup/browser: Browser fetch timed out for https://www.collinsdictionary.com/dictionary/german-english/anschlie%C3%9Fend (title='English Translation of “ANSCHLIESSEND” | Collins German-English Dictionary', bytes=367867)"
Anschluss,noun,der,"primary/basic: No IPA found for selector: phonetics (276642 bytes read) | backup/basic: HTTP 403 for https://www.collinsdictionary.com/dictionary/german-english/Anschluss | backup/browser: Browser fetch timed out for https://www.collinsdictionary.com/dictionary/german-english/Anschluss (title='English Translation of “ANSCHLUSS” | Collins German-English Dictionary', bytes=209944)"
ansehen,verb,,"primary/basic: No IPA found for selector: phonetics (880001 bytes read) | backup/basic: HTTP 403 for https://www.collinsdictionary.com/dictionary/german-english/ansehen | backup/browser: Browser fetch timed out for https://www.collinsdictionary.com/dictionary/german-english/ansehen (title='English Translation of “ANSEHEN” | Collins German-English Dictionary', bytes=230361)"
ansetzen,verb,,"primary/basic: No IPA found for selector: phonetics (411315 bytes read) | backup/basic: HTTP 403 for https://www.collinsdictionary.com/dictionary/german-english/ansetzen | backup/browser: Browser fetch timed out for https://www.collinsdictionary.com/dictionary/german-english/ansetzen (title='English Translation of “ANSETZEN” | Collins German-English Dictionary', bytes=200285)"
Ansicht,noun,die,"primary/basic: No IPA found for selector: phonetics (240632 bytes read) | backup/basic: HTTP 403 for https://www.collinsdictionary.com/dictionary/german-english/Ansicht | backup/browser: Browser fetch timed out for https://www.collinsdictionary.com/dictionary/german-english/Ansicht (title='English Translation of “ANSICHT” | Collins German-English Dictionary', bytes=199625)"
ansiedeln,verb,,"primary/basic: No IPA found for selector: phonetics (192495 bytes read) | backup/basic: HTTP 403 for https://www.collinsdictionary.com/dictionary/german-english/ansiedeln | backup/browser: Browser fetch timed out for https://www.collinsdictionary.com/dictionary/german-english/ansiedeln (title='English Translation of “ANSIEDELN” | Collins German-English Dictionary', bytes=224567)"
ansprechen,verb,,"primary/basic: No IPA found for selector: phonetics (258573 bytes read) | backup/basic: HTTP 403 for https://www.collinsdictionary.com/dictionary/german-english/ansprechen | backup/browser: Browser fetch timed out for https://www.collinsdictionary.com/dictionary/german-english/ansprechen (title='English Translation of “ANSPRECHEN” | Collins German-English Dictionary', bytes=197723)"
Anspruch,noun,der,"primary/basic: No IPA found for selector: phonetics (279838 bytes read) | backup/basic: HTTP 403 for https://www.collinsdictionary.com/dictionary/german-english/Anspruch | backup/browser: Browser fetch timed out for https://www.collinsdictionary.com/dictionary/german-english/Anspruch (title='English Translation of “ANSPRUCH” | Collins German-English Dictionary', bytes=205372)"
anstehen,verb,,"primary/basic: No IPA found for selector: phonetics (220602 bytes read) | backup/basic: HTTP 403 for https://www.collinsdictionary.com/dictionary/german-english/anstehen | backup/browser: Browser fetch timed out for https://www.collinsdictionary.com/dictionary/german-english/anstehen (title='English Translation of “ANSTEHEN” | Collins German-English Dictionary', bytes=359225)"
ansteigen,verb,,"primary/basic: No IPA found for selector: phonetics (205515 bytes read) | backup/basic: HTTP 403 for https://www.collinsdictionary.com/dictionary/german-english/ansteigen | backup/browser: Browser fetch timed out for https://www.collinsdictionary.com/dictionary/german-english/ansteigen (title='English Translation of “ANSTEIGEN” | Collins German-English Dictionary', bytes=264794)"
anstellen,verb,,"primary/basic: No IPA found for selector: phonetics (286736 bytes read) | backup/basic: HTTP 403 for https://www.collinsdictionary.com/dictionary/german-english/anstellen | backup/browser: Browser fetch timed out for https://www.collinsdictionary.com/dictionary/german-english/anstellen (title='English Translation of “ANSTELLEN” | Collins German-English Dictionary', bytes=258622)"
anstreben,verb,,"primary/basic: No IPA found for selector: phonetics (167288 bytes read) | backup/basic: HTTP 403 for https://www.collinsdictionary.com/dictionary/german-english/anstreben | backup/browser: Browser fetch timed out for https://www.collinsdictionary.com/dictionary/german-english/anstreben (title='English Translation of “ANSTREBEN” | Collins German-English Dictionary', bytes=354770)"
anstrengend,adjective,,"primary/basic: No IPA found for selector: phonetics (252212 bytes read) | backup/basic: HTTP 403 for https://www.collinsdictionary.com/dictionary/german-english/anstrengend | backup/browser: Browser fetch timed out for https://www.collinsdictionary.com/dictionary/german-english/anstrengend (title='English Translation of “ANSTRENGEND” | Collins German-English Dictionary', bytes=296425)"
Anstrengung,noun,die,"primary/basic: No IPA found for selector: phonetics (184969 bytes read) | backup/basic: HTTP 403 for https://www.collinsdictionary.com/dictionary/german-english/Anstrengung | backup/browser: Browser fetch timed out for https://www.collinsdictionary.com/dictionary/german-english/Anstrengung (title='English Translation of “ANSTRENGUNG” | Collins German-English Dictionary', bytes=302073)"
antreten,verb,,"primary/basic: No IPA found for selector: phonetics (284433 bytes read) | backup/basic: HTTP 403 for https://www.collinsdictionary.com/dictionary/german-english/antreten | backup/browser: Browser fetch timed out for https://www.collinsdictionary.com/dictionary/german-english/antreten (title='English Translation of “ANTRETEN” | Collins German-English Dictionary', bytes=271808)"
antun,verb,,"primary/basic: No IPA found for selector: phonetics (193833 bytes read) | backup/basic: HTTP 403 for https://www.collinsdictionary.com/dictionary/german-english/antun | backup/browser: Browser fetch timed out for https://www.collinsdictionary.com/dictionary/german-english/antun (title='English Translation of “ANTUN” | Collins German-English Dictionary', bytes=353381)"
Anweisung,noun,die,"primary/basic: No IPA found for selector: phonetics (211478 bytes read) | backup/basic: HTTP 403 for https://www.collinsdictionary.com/dictionary/german-english/Anweisung | backup/browser: Browser fetch timed out for https://www.collinsdictionary.com/dictionary/german-english/Anweisung (title='English Translation of “ANWEISUNG” | Collins German-English Dictionary', bytes=197607)"
anwenden,verb,,"primary/basic: No IPA found for selector: phonetics (188239 bytes read) | backup/basic: HTTP 403 for https://www.collinsdictionary.com/dictionary/german-english/anwenden | backup/browser: Browser fetch timed out for https://www.collinsdictionary.com/dictionary/german-english/anwenden (title='English Translation of “ANWENDEN” | Collins German-English Dictionary', bytes=249582)"
Anwendung,noun,die,"primary/basic: No IPA found for selector: phonetics (211646 bytes read) | backup/basic: HTTP 403 for https://www.collinsdictionary.com/dictionary/german-english/Anwendung | backup/browser: Browser fetch timed out for https://www.collinsdictionary.com/dictionary/german-english/Anwendung (title='English Translation of “ANWENDUNG” | Collins German-English Dictionary', bytes=285001)"
Anwesenheit,noun,die,"primary/basic: No IPA found for selector: phonetics (180364 bytes read) | backup/basic: HTTP 403 for https://www.collinsdictionary.com/dictionary/german-english/Anwesenheit | backup/browser: Browser fetch timed out for https://www.collinsdictionary.com/dictionary/german-english/Anwesenheit (title='English Translation of “ANWESENHEIT” | Collins German-English Dictionary', bytes=197645)"
Anzahl,noun,die,"primary/basic: No IPA found for selector: phonetics (180072 bytes read) | backup/basic: HTTP 403 for https://www.collinsdictionary.com/dictionary/german-english/Anzahl | backup/browser: Browser fetch timed out for https://www.collinsdictionary.com/dictionary/german-english/Anzahl (title='English Translation of “ANZAHL” | Collins German-English Dictionary', bytes=363591)"
Anzeige,noun,die,"primary/basic: No IPA found for selector: phonetics (305162 bytes read) | backup/basic: HTTP 403 for https://www.collinsdictionary.com/dictionary/german-english/Anzeige | backup/browser: Browser fetch timed out for https://www.collinsdictionary.com/dictionary/german-english/Anzeige (title='English Translation of “ANZEIGE” | Collins German-English Dictionary', bytes=197771)"
anzeigen,verb,,"primary/basic: No IPA found for selector: phonetics (298623 bytes read) | backup/basic: HTTP 403 for https://www.collinsdictionary.com/dictionary/german-english/anzeigen | backup/browser: Browser fetch timed out for https://www.collinsdictionary.com/dictionary/german-english/anzeigen (title='English Translation of “ANZEIGEN” | Collins German-English Dictionary', bytes=197608)"
anziehen,verb,,"primary/basic: No IPA found for selector: phonetics (338280 bytes read) | backup/basic: HTTP 403 for https://www.collinsdictionary.com/dictionary/german-english/anziehen | backup/browser: Browser fetch timed out for https://www.collinsdictionary.com/dictionary/german-english/anziehen (title='English Translation of “ANZIEHEN” | Collins German-English Dictionary', bytes=197608)"
Anzug,noun,der,"primary/basic: No IPA found for selector: phonetics (215015 bytes read) | backup/basic: HTTP 403 for https://www.collinsdictionary.com/dictionary/german-english/Anzug | backup/browser: Browser fetch timed out for https://www.collinsdictionary.com/dictionary/german-english/Anzug (title='English Translation of “ANZUG” | Collins German-English Dictionary', bytes=199574)"
Arbeitgeber,noun,der,"primary/basic: No IPA found for selector: phonetics (174258 bytes read) | backup/basic: HTTP 403 for https://www.collinsdictionary.com/dictionary/german-english/Arbeitgeber | backup/browser: Browser fetch timed out for https://www.collinsdictionary.com/dictionary/german-english/Arbeitgeber (title='English Translation of “ARBEITGEBER” | Collins German-English Dictionary', bytes=380140)"
Arbeitnehmer,noun,der,"primary/basic: No IPA found for selector: phonetics (161524 bytes read) | backup/basic: HTTP 403 for https://www.collinsdictionary.com/dictionary/german-english/Arbeitnehmer | backup/browser: Browser fetch timed out for https://www.collinsdictionary.com/dictionary/german-english/Arbeitnehmer (title='English Translation of “ARBEITNEHMER” | Collins German-English Dictionary', bytes=228610)"
Arbeitsamt,noun,das,"primary/basic: No IPA found for selector: phonetics (156177 bytes read) | backup/basic: HTTP 403 for https://www.collinsdictionary.com/dictionary/german-english/Arbeitsamt | backup/browser: Browser fetch timed out for https://www.collinsdictionary.com/dictionary/german-english/Arbeitsamt (title='English Translation of “ARBEITSAMT” | Collins German-English Dictionary', bytes=199669)"
Arbeitskraft,noun,die,"primary/basic: No IPA found for selector: phonetics (168108 bytes read) | backup/basic: HTTP 403 for https://www.collinsdictionary.com/dictionary/german-english/Arbeitskraft | backup/browser: Browser fetch timed out for https://www.collinsdictionary.com/dictionary/german-english/Arbeitskraft (title='English Translation of “ARBEITSKRAFT” | Collins German-English Dictionary', bytes=370179)"
arbeitslos,adjective,,"primary/basic: No IPA found for selector: phonetics (160592 bytes read) | backup/basic: HTTP 403 for https://www.collinsdictionary.com/dictionary/german-english/arbeitslos | backup/browser: Browser fetch timed out for https://www.collinsdictionary.com/dictionary/german-english/arbeitslos (title='English Translation of “ARBEITSLOS” | Collins German-English Dictionary', bytes=197646)"
Arbeitslosigkeit,noun,die,"primary/basic: No IPA found for selector: phonetics (186347 bytes read) | backup/basic: HTTP 403 for https://www.collinsdictionary.com/dictionary/german-english/Arbeitslosigkeit | backup/browser: Browser fetch timed out for https://www.collinsdictionary.com/dictionary/german-english/Arbeitslosigkeit (title='English Translation of “ARBEITSLOSIGKEIT” | Collins German-English Dictionary', bytes=207791)"
Arbeitsmarkt,noun,der,"primary/basic: No IPA found for selector: phonetics (163816 bytes read) | backup/basic: HTTP 403 for https://www.collinsdictionary.com/dictionary/german-english/Arbeitsmarkt | backup/browser: Browser fetch timed out for https://www.collinsdictionary.com/dictionary/german-english/Arbeitsmarkt (title='English Translation of “ARBEITSMARKT” | Collins German-English Dictionary', bytes=199700)"
Arbeitsplatz,noun,der,"primary/basic: No IPA found for selector: phonetics (210495 bytes read) | backup/basic: HTTP 403 for https://www.collinsdictionary.com/dictionary/german-english/Arbeitsplatz | backup/browser: Browser fetch timed out for https://www.collinsdictionary.com/dictionary/german-english/Arbeitsplatz (title='English Translation of “ARBEITSPLATZ” | Collins German-English Dictionary', bytes=383751)"
Arbeitszeit,noun,die,"primary/basic: No IPA found for selector: phonetics (192429 bytes read) | backup/basic: HTTP 403 for https://www.collinsdictionary.com/dictionary/german-english/Arbeitszeit | backup/browser: Browser fetch timed out for https://www.collinsdictionary.com/dictionary/german-english/Arbeitszeit (title='English Translation of “ARBEITSZEIT” | Collins German-English Dictionary', bytes=266577)"
Arzneimittel,noun,das,"primary/basic: No IPA found for selector: phonetics (157754 bytes read) | backup/basic: HTTP 403 for https://www.collinsdictionary.com/dictionary/german-english/Arzneimittel | backup/browser: Browser fetch timed out for https://www.collinsdictionary.com/dictionary/german-english/Arzneimittel (title='English Translation of “ARZNEIMITTEL” | Collins German-English Dictionary', bytes=448251)"
Aufbau,noun,der,"primary/basic: No IPA found for selector: phonetics (305139 bytes read) | backup/basic: HTTP 403 for https://www.collinsdictionary.com/dictionary/german-english/Aufbau | backup/browser: Browser fetch timed out for https://www.collinsdictionary.com/dictionary/german-english/Aufbau (title='English Translation of “AUFBAU” | Collins German-English Dictionary', bytes=374295)"
aufbauen,verb,,"primary/basic: No IPA found for selector: phonetics (378258 bytes read) | backup/basic: HTTP 403 for https://www.collinsdictionary.com/dictionary/german-english/aufbauen | backup/browser: Browser fetch timed out for https://www.collinsdictionary.com/dictionary/german-english/aufbauen (title='English Translation of “AUFBAUEN” | Collins German-English Dictionary', bytes=196810)"
aufbewahren,verb,,"primary/basic: No IPA found for selector: phonetics (198424 bytes read) | backup/basic: HTTP 403 for https://www.collinsdictionary.com/dictionary/german-english/aufbewahren | backup/browser: Browser fetch timed out for https://www.collinsdictionary.com/dictionary/german-english/aufbewahren (title='English Translation of “AUFBEWAHREN” | Collins German-English Dictionary', bytes=384721)"
aufbrechen,verb,,"primary/basic: No IPA found for selector: phonetics (238790 bytes read) | backup/basic: HTTP 403 for https://www.collinsdictionary.com/dictionary/german-english/aufbrechen | backup/browser: Browser fetch timed out for https://www.collinsdictionary.com/dictionary/german-english/aufbrechen (title='English Translation of “AUFBRECHEN” | Collins German-English Dictionary', bytes=390081)"
aufbringen,verb,,"primary/basic: No IPA found for selector: phonetics (222502 bytes read) | backup/basic: HTTP 403 for https://www.collinsdictionary.com/dictionary/german-english/aufbringen | backup/browser: Browser fetch timed out for https://www.collinsdictionary.com/dictionary/german-english/aufbringen (title='English Translation of “AUFBRINGEN” | Collins German-English Dictionary', bytes=207764)"
auffallen,verb,,"primary/basic: No IPA found for selector: phonetics (230920 bytes read) | backup/basic: HTTP 403 for https://www.collinsdictionary.com/dictionary/german-english/auffallen | backup/browser: Browser fetch timed out for https://www.collinsdictionary.com/dictionary/german-english/auffallen (title='English Translation of “AUFFALLEN” | Collins German-English Dictionary', bytes=207765)"
Auffassung,noun,die,"primary/basic: No IPA found for selector: phonetics (191896 bytes read) | backup/basic: HTTP 403 for https://www.collinsdictionary.com/dictionary/german-english/Auffassung | backup/browser: Browser fetch timed out for https://www.collinsdictionary.com/dictionary/german-english/Auffassung (title='English Translation of “AUFFASSUNG” | Collins German-English Dictionary', bytes=199669)"
auffordern,verb,,"primary/basic: No IPA found for selector: phonetics (200275 bytes read) | backup/basic: HTTP 403 for https://www.collinsdictionary.com/dictionary/german-english/auffordern | backup/browser: Browser fetch timed out for https://www.collinsdictionary.com/dictionary/german-english/auffordern (title='English Translation of “AUFFORDERN” | Collins German-English Dictionary', bytes=374904)"
auffällig,adjective,,"primary/basic: No IPA found for selector: phonetics (202640 bytes read) | backup/basic: HTTP 403 for https://www.collinsdictionary.com/dictionary/german-english/auff%C3%A4llig | backup/browser: Browser fetch timed out for https://www.collinsdictionary.com/dictionary/german-english/auff%C3%A4llig (title='English Translation of “AUFFÄLLIG” | Collins German-English Dictionary', bytes=377703)"
aufführen,verb,,"primary/basic: No IPA found for selector: phonetics (335189 bytes read) | backup/basic: HTTP 403 for https://www.collinsdictionary.com/dictionary/german-english/auff%C3%BChren | backup/browser: Browser fetch timed out for https://www.collinsdictionary.com/dictionary/german-english/auff%C3%BChren (title='English Translation of “AUFFÜHREN” | Collins German-English Dictionary', bytes=207718)"
Aufführung,noun,die,"primary/basic: No IPA found for selector: phonetics (208815 bytes read) | backup/basic: HTTP 403 for https://www.collinsdictionary.com/dictionary/german-english/Auff%C3%BChrung | backup/browser: Browser fetch timed out for https://www.collinsdictionary.com/dictionary/german-english/Auff%C3%BChrung (title='Collins Online Dictionary | Definitions, Thesaurus and Translations', bytes=304387)"
Aufgabe,noun,die,"primary/basic: No IPA found for selector: phonetics (282953 bytes read) | backup/basic: HTTP 403 for https://www.collinsdictionary.com/dictionary/german-english/Aufgabe | backup/browser: Browser fetch timed out for https://www.collinsdictionary.com/dictionary/german-english/Aufgabe (title='English Translation of “AUFGABE” | Collins German-English Dictionary', bytes=199631)"
aufgeben,verb,,"primary/basic: No IPA found for selector: phonetics (291066 bytes read) | backup/basic: HTTP 403 for https://www.collinsdictionary.com/dictionary/german-english/aufgeben | backup/browser: Browser fetch timed out for https://www.collinsdictionary.com/dictionary/german-english/aufgeben (title='English Translation of “AUFGEBEN” | Collins German-English Dictionary', bytes=408525)"
aufgehen,verb,,"primary/basic: No IPA found for selector: phonetics (412955 bytes read) | backup/basic: HTTP 403 for https://www.collinsdictionary.com/dictionary/german-english/aufgehen | backup/browser: Browser fetch timed out for https://www.collinsdictionary.com/dictionary/german-english/aufgehen (title='English Translation of “AUFGEHEN” | Collins German-English Dictionary', bytes=197608)"
aufhalten,verb,,"primary/basic: No IPA found for selector: phonetics (236039 bytes read) | backup/basic: HTTP 403 for https://www.collinsdictionary.com/dictionary/german-english/aufhalten | backup/browser: Browser fetch timed out for https://www.collinsdictionary.com/dictionary/german-english/aufhalten (title='English Translation of “AUFHALTEN” | Collins German-English Dictionary', bytes=207764)"
aufheben,verb,,"primary/basic: No IPA found for selector: phonetics (274157 bytes read) | backup/basic: HTTP 403 for https://www.collinsdictionary.com/dictionary/german-english/aufheben | backup/browser: Browser fetch timed out for https://www.collinsdictionary.com/dictionary/german-english/aufheben (title='English Translation of “AUFHEBEN” | Collins German-English Dictionary', bytes=422666)"
aufhören,verb,,"primary/basic: No IPA found for selector: phonetics (241956 bytes read) | backup/basic: HTTP 403 for https://www.collinsdictionary.com/dictionary/german-english/aufh%C3%B6ren | backup/browser: Browser fetch timed out for https://www.collinsdictionary.com/dictionary/german-english/aufh%C3%B6ren (title='English Translation of “AUFHÖREN” | Collins German-English Dictionary', bytes=211172)"
aufklären,verb,,"primary/basic: No IPA found for selector: phonetics (278705 bytes read) | backup/basic: HTTP 403 for https://www.collinsdictionary.com/dictionary/german-english/aufkl%C3%A4ren | backup/browser: Browser fetch timed out for https://www.collinsdictionary.com/dictionary/german-english/aufkl%C3%A4ren (title='English Translation of “AUFKLAREN” | Collins German-English Dictionary', bytes=197615)"
Aufklärung,noun,die,"primary/basic: No IPA found for selector: phonetics (201448 bytes read) | backup/basic: HTTP 403 for https://www.collinsdictionary.com/dictionary/german-english/Aufkl%C3%A4rung | backup/browser: Browser fetch timed out for https://www.collinsdictionary.com/dictionary/german-english/Aufkl%C3%A4rung (title='Collins Online Dictionary | Definitions, Thesaurus and Translations', bytes=134448)"
aufkommen,verb,,"primary/basic: No IPA found for selector: phonetics (307136 bytes read) | backup/basic: HTTP 403 for https://www.collinsdictionary.com/dictionary/german-english/aufkommen | backup/browser: Browser fetch timed out for https://www.collinsdictionary.com/dictionary/german-english/aufkommen (title='English Translation of “AUFKOMMEN” | Collins German-English Dictionary', bytes=197647)"
Auflage,noun,die,"primary/basic: No IPA found for selector: phonetics (247753 bytes read) | backup/basic: HTTP 403 for https://www.collinsdictionary.com/dictionary/german-english/Auflage | backup/browser: Browser fetch timed out for https://www.collinsdictionary.com/dictionary/german-english/Auflage (title='English Translation of “AUFLAGE” | Collins German-English Dictionary', bytes=383575)"
auflegen,verb,,"primary/basic: No IPA found for selector: phonetics (238289 bytes read) | backup/basic: HTTP 403 for https://www.collinsdictionary.com/dictionary/german-english/auflegen | backup/browser: Browser fetch timed out for https://www.collinsdictionary.com/dictionary/german-english/auflegen (title='English Translation of “AUFLEGEN” | Collins German-English Dictionary', bytes=261859)"
auflösen,verb,,"primary/basic: No IPA found for selector: phonetics (388837 bytes read) | backup/basic: HTTP 403 for https://www.collinsdictionary.com/dictionary/german-english/aufl%C3%B6sen | backup/browser: Browser fetch timed out for https://www.collinsdictionary.com/dictionary/german-english/aufl%C3%B6sen (title='English Translation of “AUFLÖSEN” | Collins German-English Dictionary', bytes=207679)"
Auflösung,noun,die,"primary/basic: No IPA found for selector: phonetics (242476 bytes read) | backup/basic: HTTP 403 for https://www.collinsdictionary.com/dictionary/german-english/Aufl%C3%B6sung | backup/browser: Browser fetch timed out for https://www.collinsdictionary.com/dictionary/german-english/Aufl%C3%B6sung (title='Collins Online Dictionary | Definitions, Thesaurus and Translations', bytes=134448)"
aufmachen,verb,,"primary/basic: No IPA found for selector: phonetics (245721 bytes read) | backup/basic: HTTP 403 for https://www.collinsdictionary.com/dictionary/german-english/aufmachen | backup/browser: Browser fetch timed out for https://www.collinsdictionary.com/dictionary/german-english/aufmachen (title='English Translation of “AUFMACHEN” | Collins German-English Dictionary', bytes=199670)"
aufmerksam,adjective,,"primary/basic: No IPA found for selector: phonetics (224891 bytes read) | backup/basic: HTTP 403 for https://www.collinsdictionary.com/dictionary/german-english/aufmerksam | backup/browser: Browser fetch timed out for https://www.collinsdictionary.com/dictionary/german-english/aufmerksam (title='English Translation of “AUFMERKSAM” | Collins German-English Dictionary', bytes=197581)"
Aufmerksamkeit,noun,die,"primary/basic: No IPA found for selector: phonetics (204803 bytes read) | backup/basic: HTTP 403 for https://www.collinsdictionary.com/dictionary/german-english/Aufmerksamkeit | backup/browser: Browser fetch timed out for https://www.collinsdictionary.com/dictionary/german-english/Aufmerksamkeit (title='English Translation of “AUFMERKSAMKEIT” | Collins German-English Dictionary', bytes=197702)"
aufnehmen,verb,,"primary/basic: No IPA found for selector: phonetics (452338 bytes read) | backup/basic: HTTP 403 for https://www.collinsdictionary.com/dictionary/german-english/aufnehmen | backup/browser: Browser fetch timed out for https://www.collinsdictionary.com/dictionary/german-english/aufnehmen (title='English Translation of “AUFNEHMEN” | Collins German-English Dictionary', bytes=419491)"
aufpassen,verb,,"primary/basic: No IPA found for selector: phonetics (216205 bytes read) | backup/basic: HTTP 403 for https://www.collinsdictionary.com/dictionary/german-english/aufpassen | backup/browser: Browser fetch timed out for https://www.collinsdictionary.com/dictionary/german-english/aufpassen (title='English Translation of “AUFPASSEN” | Collins German-English Dictionary', bytes=207657)"
aufregen,verb,,"primary/basic: No IPA found for selector: phonetics (209712 bytes read) | backup/basic: HTTP 403 for https://www.collinsdictionary.com/dictionary/german-english/aufregen | backup/browser: Browser fetch timed out for https://www.collinsdictionary.com/dictionary/german-english/aufregen (title='English Translation of “AUFREGEN” | Collins German-English Dictionary', bytes=374697)"
Aufregung,noun,die,"primary/basic: No IPA found for selector: phonetics (195754 bytes read) | backup/basic: HTTP 403 for https://www.collinsdictionary.com/dictionary/german-english/Aufregung | backup/browser: Browser fetch timed out for https://www.collinsdictionary.com/dictionary/german-english/Aufregung (title='English Translation of “AUFREGUNG” | Collins German-English Dictionary', bytes=383708)"
aufreißen,verb,,"primary/basic: No IPA found for selector: phonetics (233522 bytes read) | backup/basic: HTTP 403 for https://www.collinsdictionary.com/dictionary/german-english/aufrei%C3%9Fen | backup/browser: Browser fetch timed out for https://www.collinsdictionary.com/dictionary/german-english/aufrei%C3%9Fen (title='English Translation of “AUFREISSEN” | Collins German-English Dictionary', bytes=199682)"
aufrichten,verb,,"primary/basic: No IPA found for selector: phonetics (223784 bytes read) | backup/basic: HTTP 403 for https://www.collinsdictionary.com/dictionary/german-english/aufrichten | backup/browser: Browser fetch timed out for https://www.collinsdictionary.com/dictionary/german-english/aufrichten (title='English Translation of “AUFRICHTEN” | Collins German-English Dictionary', bytes=199669)"
aufrufen,verb,,"primary/basic: No IPA found for selector: phonetics (268989 bytes read) | backup/basic: HTTP 403 for https://www.collinsdictionary.com/dictionary/german-english/aufrufen | backup/browser: Browser fetch timed out for https://www.collinsdictionary.com/dictionary/german-english/aufrufen (title='English Translation of “AUFRUFEN” | Collins German-English Dictionary', bytes=376277)"
aufräumen,verb,,"primary/basic: No IPA found for selector: phonetics (220255 bytes read) | backup/basic: HTTP 403 for https://www.collinsdictionary.com/dictionary/german-english/aufr%C3%A4umen | backup/browser: Browser fetch timed out for https://www.collinsdictionary.com/dictionary/german-english/aufr%C3%A4umen (title='English Translation of “AUFRÄUMEN” | Collins German-English Dictionary', bytes=197626)"
Aufsatz,noun,der,"primary/basic: No IPA found for selector: phonetics (191598 bytes read) | backup/basic: HTTP 403 for https://www.collinsdictionary.com/dictionary/german-english/Aufsatz | backup/browser: Browser fetch timed out for https://www.collinsdictionary.com/dictionary/german-english/Aufsatz (title='English Translation of “AUFSATZ” | Collins German-English Dictionary', bytes=383381)"
aufschlagen,verb,,"primary/basic: No IPA found for selector: phonetics (297690 bytes read) | backup/basic: HTTP 403 for https://www.collinsdictionary.com/dictionary/german-english/aufschlagen | backup/browser: Browser fetch timed out for https://www.collinsdictionary.com/dictionary/german-english/aufschlagen (title='English Translation of “AUFSCHLAGEN” | Collins German-English Dictionary', bytes=384151)"
aufschreiben,verb,,"primary/basic: No IPA found for selector: phonetics (205521 bytes read) | backup/basic: HTTP 403 for https://www.collinsdictionary.com/dictionary/german-english/aufschreiben | backup/browser: Browser fetch timed out for https://www.collinsdictionary.com/dictionary/german-english/aufschreiben (title='English Translation of “AUFSCHREIBEN” | Collins German-English Dictionary', bytes=197664)"
aufsetzen,verb,,"primary/basic: No IPA found for selector: phonetics (241023 bytes read) | backup/basic: HTTP 403 for https://www.collinsdictionary.com/dictionary/german-english/aufsetzen | backup/browser: Browser fetch timed out for https://www.collinsdictionary.com/dictionary/german-english/aufsetzen (title='English Translation of “AUFSETZEN” | Collins German-English Dictionary', bytes=199585)"
Aufsichtsrat,noun,der,"primary/basic: No IPA found for selector: phonetics (171081 bytes read) | backup/basic: HTTP 403 for https://www.collinsdictionary.com/dictionary/german-english/Aufsichtsrat | backup/browser: Browser fetch timed out for https://www.collinsdictionary.com/dictionary/german-english/Aufsichtsrat (title='English Translation of “AUFSICHTSRAT” | Collins German-English Dictionary', bytes=380160)"
aufspringen,verb,,"primary/basic: No IPA found for selector: phonetics (197852 bytes read) | backup/basic: HTTP 403 for https://www.collinsdictionary.com/dictionary/german-english/aufspringen | backup/browser: Browser fetch timed out for https://www.collinsdictionary.com/dictionary/german-english/aufspringen (title='English Translation of “AUFSPRINGEN” | Collins German-English Dictionary', bytes=197645)"
aufstehen,verb,,"primary/basic: No IPA found for selector: phonetics (228556 bytes read) | backup/basic: HTTP 403 for https://www.collinsdictionary.com/dictionary/german-english/aufstehen | backup/browser: Browser fetch timed out for https://www.collinsdictionary.com/dictionary/german-english/aufstehen (title='English Translation of “AUFSTEHEN” | Collins German-English Dictionary', bytes=513841)"
aufsteigen,verb,,"primary/basic: No IPA found for selector: phonetics (255956 bytes read) | backup/basic: HTTP 403 for https://www.collinsdictionary.com/dictionary/german-english/aufsteigen | backup/browser: Browser fetch timed out for https://www.collinsdictionary.com/dictionary/german-english/aufsteigen (title='English Translation of “AUFSTEIGEN” | Collins German-English Dictionary', bytes=216626)"
aufstellen,verb,,"primary/basic: No IPA found for selector: phonetics (319280 bytes read) | backup/basic: HTTP 403 for https://www.collinsdictionary.com/dictionary/german-english/aufstellen | backup/browser: Browser fetch timed out for https://www.collinsdictionary.com/dictionary/german-english/aufstellen (title='English Translation of “AUFSTELLEN” | Collins German-English Dictionary', bytes=392584)"
aufsuchen,verb,,"primary/basic: No IPA found for selector: phonetics (191480 bytes read) | backup/basic: HTTP 403 for https://www.collinsdictionary.com/dictionary/german-english/aufsuchen | backup/browser: Browser fetch timed out for https://www.collinsdictionary.com/dictionary/german-english/aufsuchen (title='English Translation of “AUFSUCHEN” | Collins German-English Dictionary', bytes=372547)"
auftauchen,verb,,"primary/basic: No IPA found for selector: phonetics (236723 bytes read) | backup/basic: HTTP 403 for https://www.collinsdictionary.com/dictionary/german-english/auftauchen | backup/browser: Browser fetch timed out for https://www.collinsdictionary.com/dictionary/german-english/auftauchen (title='English Translation of “AUFTAUCHEN” | Collins German-English Dictionary', bytes=265509)"
auftragen,verb,,"primary/basic: No IPA found for selector: phonetics (252090 bytes read) | backup/basic: HTTP 403 for https://www.collinsdictionary.com/dictionary/german-english/auftragen | backup/browser: Browser fetch timed out for https://www.collinsdictionary.com/dictionary/german-english/auftragen (title='English Translation of “AUFTRAGEN” | Collins German-English Dictionary', bytes=376974)"
Auftreten,noun,das,"primary/basic: No IPA found for selector: phonetics (302718 bytes read) | backup/basic: HTTP 403 for https://www.collinsdictionary.com/dictionary/german-english/Auftreten | backup/browser: Browser fetch timed out for https://www.collinsdictionary.com/dictionary/german-english/Auftreten (title='English Translation of “AUFTRETEN” | Collins German-English Dictionary', bytes=199663)"
auftreten,verb,,"primary/basic: No IPA found for selector: phonetics (304545 bytes read) | backup/basic: HTTP 403 for https://www.collinsdictionary.com/dictionary/german-english/auftreten | backup/browser: Browser fetch timed out for https://www.collinsdictionary.com/dictionary/german-english/auftreten (title='English Translation of “AUFTRETEN” | Collins German-English Dictionary', bytes=197543)"
Auftritt,noun,der,"primary/basic: No IPA found for selector: phonetics (201758 bytes read) | backup/basic: HTTP 403 for https://www.collinsdictionary.com/dictionary/german-english/Auftritt | backup/browser: Browser fetch timed out for https://www.collinsdictionary.com/dictionary/german-english/Auftritt (title='English Translation of “AUFTRITT” | Collins German-English Dictionary', bytes=228055)"
aufwachen,verb,,"primary/basic: No IPA found for selector: phonetics (184819 bytes read) | backup/basic: HTTP 403 for https://www.collinsdictionary.com/dictionary/german-english/aufwachen | backup/browser: Browser fetch timed out for https://www.collinsdictionary.com/dictionary/german-english/aufwachen (title='English Translation of “AUFWACHEN” | Collins German-English Dictionary', bytes=197523)"
aufweisen,verb,,"primary/basic: No IPA found for selector: phonetics (191858 bytes read) | backup/basic: HTTP 403 for https://www.collinsdictionary.com/dictionary/german-english/aufweisen | backup/browser: Browser fetch timed out for https://www.collinsdictionary.com/dictionary/german-english/aufweisen (title='English Translation of “AUFWEISEN” | Collins German-English Dictionary', bytes=199586)"
aufwendig,adjective,,"primary/basic: No IPA found for selector: phonetics (194346 bytes read) | backup/basic: HTTP 403 for https://www.collinsdictionary.com/dictionary/german-english/aufwendig | backup/browser: Browser fetch timed out for https://www.collinsdictionary.com/dictionary/german-english/aufwendig (title='English Translation of “AUFWENDIG” | Collins German-English Dictionary', bytes=197607)"
Aufwendungen,noun,die,"primary/basic: No IPA found for selector: phonetics (147557 bytes read) | backup/basic: HTTP 403 for https://www.collinsdictionary.com/dictionary/german-english/Aufwendungen | backup/browser: Browser fetch timed out for https://www.collinsdictionary.com/dictionary/german-english/Aufwendungen (title='Collins Online Dictionary | Definitions, Thesaurus and Translations', bytes=194276)"
aufzeigen,verb,,"primary/basic: No IPA found for selector: phonetics (168764 bytes read) | backup/basic: HTTP 403 for https://www.collinsdictionary.com/dictionary/german-english/aufzeigen | backup/browser: Browser fetch timed out for https://www.collinsdictionary.com/dictionary/german-english/aufzeigen (title='English Translation of “AUFZEIGEN” | Collins German-English Dictionary', bytes=199643)"
aufziehen,verb,,"primary/basic: No IPA found for selector: phonetics (307711 bytes read) | backup/basic: HTTP 403 for https://www.collinsdictionary.com/dictionary/german-english/aufziehen | backup/browser: Browser fetch timed out for https://www.collinsdictionary.com/dictionary/german-english/aufziehen (title='English Translation of “AUFZIEHEN” | Collins German-English Dictionary', bytes=197704)"
Ausbau,noun,der,"primary/basic: No IPA found for selector: phonetics (201976 bytes read) | backup/basic: HTTP 403 for https://www.collinsdictionary.com/dictionary/german-english/Ausbau | backup/browser: Browser fetch timed out for https://www.collinsdictionary.com/dictionary/german-english/Ausbau (title='English Translation of “AUSBAU” | Collins German-English Dictionary', bytes=372959)"
ausbauen,verb,,"primary/basic: No IPA found for selector: phonetics (206210 bytes read) | backup/basic: HTTP 403 for https://www.collinsdictionary.com/dictionary/german-english/ausbauen | backup/browser: Browser fetch timed out for https://www.collinsdictionary.com/dictionary/german-english/ausbauen (title='English Translation of “AUSBAUEN” | Collins German-English Dictionary', bytes=197581)"
ausbilden,verb,,"primary/basic: No IPA found for selector: phonetics (246600 bytes read) | backup/basic: HTTP 403 for https://www.collinsdictionary.com/dictionary/german-english/ausbilden | backup/browser: Browser fetch timed out for https://www.collinsdictionary.com/dictionary/german-english/ausbilden (title='English Translation of “AUSBILDEN” | Collins German-English Dictionary', bytes=197822)"
Ausbildung,noun,die,"primary/basic: No IPA found for selector: phonetics (253843 bytes read) | backup/basic: HTTP 403 for https://www.collinsdictionary.com/dictionary/german-english/Ausbildung | backup/browser: Browser fetch timed out for https://www.collinsdictionary.com/dictionary/german-english/Ausbildung (title='English Translation of “AUSBILDUNG” | Collins German-English Dictionary', bytes=207737)"
ausbrechen,verb,,"primary/basic: No IPA found for selector: phonetics (275639 bytes read) | backup/basic: HTTP 403 for https://www.collinsdictionary.com/dictionary/german-english/ausbrechen | backup/browser: Browser fetch timed out for https://www.collinsdictionary.com/dictionary/german-english/ausbrechen (title='English Translation of “AUSBRECHEN” | Collins German-English Dictionary', bytes=197645)"
ausbreiten,verb,,"primary/basic: No IPA found for selector: phonetics (232794 bytes read) | backup/basic: HTTP 403 for https://www.collinsdictionary.com/dictionary/german-english/ausbreiten | backup/browser: Browser fetch timed out for https://www.collinsdictionary.com/dictionary/german-english/ausbreiten (title='English Translation of “AUSBREITEN” | Collins German-English Dictionary', bytes=379875)"
ausdehnen,verb,,"primary/basic: No IPA found for selector: phonetics (219349 bytes read) | backup/basic: HTTP 403 for https://www.collinsdictionary.com/dictionary/german-english/ausdehnen | backup/browser: Browser fetch timed out for https://www.collinsdictionary.com/dictionary/german-english/ausdehnen (title='English Translation of “AUSDEHNEN” | Collins German-English Dictionary', bytes=207678)"
Ausdruck,noun,der,"primary/basic: No IPA found for selector: phonetics (271129 bytes read) | backup/basic: HTTP 403 for https://www.collinsdictionary.com/dictionary/german-english/Ausdruck | backup/browser: Browser fetch timed out for https://www.collinsdictionary.com/dictionary/german-english/Ausdruck (title='English Translation of “AUSDRUCK” | Collins German-English Dictionary', bytes=392156)"
ausdrücken,verb,,"primary/basic: No IPA found for selector: phonetics (282278 bytes read) | backup/basic: HTTP 403 for https://www.collinsdictionary.com/dictionary/german-english/ausdr%C3%BCcken | backup/browser: Browser fetch timed out for https://www.collinsdictionary.com/dictionary/german-english/ausdr%C3%BCcken (title='English Translation of “AUSDRUCKEN” | Collins German-English Dictionary', bytes=228122)"
ausfallen,verb,,"primary/basic: No IPA found for selector: phonetics (272081 bytes read) | backup/basic: HTTP 403 for https://www.collinsdictionary.com/dictionary/german-english/ausfallen | backup/browser: Browser fetch timed out for https://www.collinsdictionary.com/dictionary/german-english/ausfallen (title='English Translation of “AUSFALLEN” | Collins German-English Dictionary', bytes=207766)"
Ausflug,noun,der,"primary/basic: No IPA found for selector: phonetics (192250 bytes read) | backup/basic: HTTP 403 for https://www.collinsdictionary.com/dictionary/german-english/Ausflug | backup/browser: Browser fetch timed out for https://www.collinsdictionary.com/dictionary/german-english/Ausflug (title='English Translation of “AUSFLUG” | Collins German-English Dictionary', bytes=387572)"
ausführen,verb,,"primary/basic: No IPA found for selector: phonetics (320616 bytes read) | backup/basic: HTTP 403 for https://www.collinsdictionary.com/dictionary/german-english/ausf%C3%BChren | backup/browser: Browser fetch timed out for https://www.collinsdictionary.com/dictionary/german-english/ausf%C3%BChren (title='English Translation of “AUSFÜHREN” | Collins German-English Dictionary', bytes=197523)"
Ausführung,noun,die,"primary/basic: No IPA found for selector: phonetics (218275 bytes read) | backup/basic: HTTP 403 for https://www.collinsdictionary.com/dictionary/german-english/Ausf%C3%BChrung | backup/browser: Browser fetch timed out for https://www.collinsdictionary.com/dictionary/german-english/Ausf%C3%BChrung (title='Collins Online Dictionary | Definitions, Thesaurus and Translations', bytes=352957)"
ausfüllen,verb,,"primary/basic: No IPA found for selector: phonetics (232728 bytes read) | backup/basic: HTTP 403 for https://www.collinsdictionary.com/dictionary/german-english/ausf%C3%BCllen | backup/browser: Browser fetch timed out for https://www.collinsdictionary.com/dictionary/german-english/ausf%C3%BCllen (title='English Translation of “AUSFÜLLEN” | Collins German-English Dictionary', bytes=207658)"
Ausgabe,noun,die,"primary/basic: No IPA found for selector: phonetics (288791 bytes read) | backup/basic: HTTP 403 for https://www.collinsdictionary.com/dictionary/german-english/Ausgabe | backup/browser: Browser fetch timed out for https://www.collinsdictionary.com/dictionary/german-english/Ausgabe (title='English Translation of “AUSGABE” | Collins German-English Dictionary', bytes=199625)"
Ausgang,noun,der,"primary/basic: No IPA found for selector: phonetics (275671 bytes read) | backup/basic: HTTP 403 for https://www.collinsdictionary.com/dictionary/german-english/Ausgang | backup/browser: Browser fetch timed out for https://www.collinsdictionary.com/dictionary/german-english/Ausgang (title='English Translation of “AUSGANG” | Collins German-English Dictionary', bytes=398002)"
Ausgangspunkt,noun,der,"primary/basic: No IPA found for selector: phonetics (166760 bytes read) | backup/basic: HTTP 403 for https://www.collinsdictionary.com/dictionary/german-english/Ausgangspunkt | backup/browser: Browser fetch timed out for https://www.collinsdictionary.com/dictionary/german-english/Ausgangspunkt (title='English Translation of “AUSGANGSPUNKT” | Collins German-English Dictionary', bytes=374783)"
ausgeben,verb,,"primary/basic: No IPA found for selector: phonetics (264397 bytes read) | backup/basic: HTTP 403 for https://www.collinsdictionary.com/dictionary/german-english/ausgeben | backup/browser: Browser fetch timed out for https://www.collinsdictionary.com/dictionary/german-english/ausgeben (title='English Translation of “AUSGEBEN” | Collins German-English Dictionary', bytes=227908)"
ausgehen,verb,,"primary/basic: No IPA found for selector: phonetics (385993 bytes read) | backup/basic: HTTP 403 for https://www.collinsdictionary.com/dictionary/german-english/ausgehen | backup/browser: Browser fetch timed out for https://www.collinsdictionary.com/dictionary/german-english/ausgehen (title='English Translation of “AUSGEHEN” | Collins German-English Dictionary', bytes=228115)"
ausgeprägt,adjective,,"primary/basic: No IPA found for selector: phonetics (183717 bytes read) | backup/basic: HTTP 403 for https://www.collinsdictionary.com/dictionary/german-english/ausgepr%C3%A4gt | backup/browser: Browser fetch timed out for https://www.collinsdictionary.com/dictionary/german-english/ausgepr%C3%A4gt (title='English Translation of “AUSGEPRÄGT” | Collins German-English Dictionary', bytes=197626)"
ausgleichen,verb,,"primary/basic: No IPA found for selector: phonetics (299299 bytes read) | backup/basic: HTTP 403 for https://www.collinsdictionary.com/dictionary/german-english/ausgleichen | backup/browser: Browser fetch timed out for https://www.collinsdictionary.com/dictionary/german-english/ausgleichen (title='English Translation of “AUSGLEICHEN” | Collins German-English Dictionary', bytes=384957)"
aushalten,verb,,"primary/basic: No IPA found for selector: phonetics (313293 bytes read) | backup/basic: HTTP 403 for https://www.collinsdictionary.com/dictionary/german-english/aushalten | backup/browser: Browser fetch timed out for https://www.collinsdictionary.com/dictionary/german-english/aushalten (title='English Translation of “AUSHALTEN” | Collins German-English Dictionary', bytes=207677)"
auskommen,verb,,"primary/basic: No IPA found for selector: phonetics (230811 bytes read) | backup/basic: HTTP 403 for https://www.collinsdictionary.com/dictionary/german-english/auskommen | backup/browser: Browser fetch timed out for https://www.collinsdictionary.com/dictionary/german-english/auskommen (title='English Translation of “AUSKOMMEN” | Collins German-English Dictionary', bytes=197543)"
auslegen,verb,,"primary/basic: No IPA found for selector: phonetics (265268 bytes read) | backup/basic: HTTP 403 for https://www.collinsdictionary.com/dictionary/german-english/auslegen | backup/browser: Browser fetch timed out for https://www.collinsdictionary.com/dictionary/german-english/auslegen (title='English Translation of “AUSLEGEN” | Collins German-English Dictionary', bytes=378210)"
auslösen,verb,,"primary/basic: No IPA found for selector: phonetics (271599 bytes read) | backup/basic: HTTP 403 for https://www.collinsdictionary.com/dictionary/german-english/ausl%C3%B6sen | backup/browser: Browser fetch timed out for https://www.collinsdictionary.com/dictionary/german-english/ausl%C3%B6sen (title='English Translation of “AUSLOSEN” | Collins German-English Dictionary', bytes=207667)"
ausmachen,verb,,"primary/basic: No IPA found for selector: phonetics (397533 bytes read) | backup/basic: HTTP 403 for https://www.collinsdictionary.com/dictionary/german-english/ausmachen | backup/browser: Browser fetch timed out for https://www.collinsdictionary.com/dictionary/german-english/ausmachen (title='English Translation of “AUSMACHEN” | Collins German-English Dictionary', bytes=207677)"
Ausmaß,noun,das,"primary/basic: No IPA found for selector: phonetics (220858 bytes read) | backup/basic: HTTP 403 for https://www.collinsdictionary.com/dictionary/german-english/Ausma%C3%9F | backup/browser: Browser fetch timed out for https://www.collinsdictionary.com/dictionary/german-english/Ausma%C3%9F (title='Collins Online Dictionary | Definitions, Thesaurus and Translations', bytes=134448)"
ausnehmen,verb,,"primary/basic: No IPA found for selector: phonetics (228739 bytes read) | backup/basic: HTTP 403 for https://www.collinsdictionary.com/dictionary/german-english/ausnehmen | backup/browser: Browser fetch timed out for https://www.collinsdictionary.com/dictionary/german-english/ausnehmen (title='English Translation of “AUSNEHMEN” | Collins German-English Dictionary', bytes=382737)"
ausnutzen,verb,,"primary/basic: No IPA found for selector: phonetics (194794 bytes read) | backup/basic: HTTP 403 for https://www.collinsdictionary.com/dictionary/german-english/ausnutzen | backup/browser: Browser fetch timed out for https://www.collinsdictionary.com/dictionary/german-english/ausnutzen (title='English Translation of “AUSNUTZEN” | Collins German-English Dictionary', bytes=197607)"
ausprobieren,verb,,"primary/basic: No IPA found for selector: phonetics (193374 bytes read) | backup/basic: HTTP 403 for https://www.collinsdictionary.com/dictionary/german-english/ausprobieren | backup/browser: Browser fetch timed out for https://www.collinsdictionary.com/dictionary/german-english/ausprobieren (title='English Translation of “AUSPROBIEREN” | Collins German-English Dictionary', bytes=393109)"
ausreichen,verb,,"primary/basic: No IPA found for selector: phonetics (178463 bytes read) | backup/basic: HTTP 403 for https://www.collinsdictionary.com/dictionary/german-english/ausreichen | backup/browser: Browser fetch timed out for https://www.collinsdictionary.com/dictionary/german-english/ausreichen (title='English Translation of “AUSREICHEN” | Collins German-English Dictionary', bytes=207764)"
ausrichten,verb,,"primary/basic: No IPA found for selector: phonetics (282007 bytes read) | backup/basic: HTTP 403 for https://www.collinsdictionary.com/dictionary/german-english/ausrichten | backup/browser: Browser fetch timed out for https://www.collinsdictionary.com/dictionary/german-english/ausrichten (title='English Translation of “AUSRICHTEN” | Collins German-English Dictionary', bytes=197646)"
Ausrichtung,noun,die,"primary/basic: No IPA found for selector: phonetics (173288 bytes read) | backup/basic: HTTP 403 for https://www.collinsdictionary.com/dictionary/german-english/Ausrichtung | backup/browser: Browser fetch timed out for https://www.collinsdictionary.com/dictionary/german-english/Ausrichtung (title='English Translation of “AUSRICHTUNG” | Collins German-English Dictionary', bytes=383122)"
Aussage,noun,die,"primary/basic: No IPA found for selector: phonetics (268547 bytes read) | backup/basic: HTTP 403 for https://www.collinsdictionary.com/dictionary/german-english/Aussage | backup/browser: Browser fetch timed out for https://www.collinsdictionary.com/dictionary/german-english/Aussage (title='English Translation of “AUSSAGE” | Collins German-English Dictionary', bytes=381245)"
ausschalten,verb,,"primary/basic: No IPA found for selector: phonetics (193248 bytes read) | backup/basic: HTTP 403 for https://www.collinsdictionary.com/dictionary/german-english/ausschalten | backup/browser: Browser fetch timed out for https://www.collinsdictionary.com/dictionary/german-english/ausschalten (title='English Translation of “AUSSCHALTEN” | Collins German-English Dictionary', bytes=199681)"
ausscheiden,verb,,"primary/basic: No IPA found for selector: phonetics (261992 bytes read) | backup/basic: HTTP 403 for https://www.collinsdictionary.com/dictionary/german-english/ausscheiden | backup/browser: Browser fetch timed out for https://www.collinsdictionary.com/dictionary/german-english/ausscheiden (title='English Translation of “AUSSCHEIDEN” | Collins German-English Dictionary', bytes=197645)"
ausschließen,verb,,"primary/basic: No IPA found for selector: phonetics (230672 bytes read) | backup/basic: HTTP 403 for https://www.collinsdictionary.com/dictionary/german-english/ausschlie%C3%9Fen | backup/browser: Browser fetch timed out for https://www.collinsdictionary.com/dictionary/german-english/ausschlie%C3%9Fen (title='English Translation of “AUSSCHLIESSEN” | Collins German-English Dictionary', bytes=410713)"
aussehen,verb,,"primary/basic: No IPA found for selector: phonetics (254071 bytes read) | backup/basic: HTTP 403 for https://www.collinsdictionary.com/dictionary/german-english/aussehen | backup/browser: Browser fetch timed out for https://www.collinsdictionary.com/dictionary/german-english/aussehen (title='English Translation of “AUSSEHEN” | Collins German-English Dictionary', bytes=197790)"
Außenminister,noun,der,"primary/basic: No IPA found for selector: phonetics (151531 bytes read) | backup/basic: HTTP 403 for https://www.collinsdictionary.com/dictionary/german-english/Au%C3%9Fenminister | backup/browser: Browser fetch timed out for https://www.collinsdictionary.com/dictionary/german-english/Au%C3%9Fenminister (title='Collins Online Dictionary | Definitions, Thesaurus and Translations', bytes=136491)"
aussetzen,verb,,"primary/basic: No IPA found for selector: phonetics (341740 bytes read) | backup/basic: HTTP 403 for https://www.collinsdictionary.com/dictionary/german-english/aussetzen | backup/browser: Browser fetch timed out for https://www.collinsdictionary.com/dictionary/german-english/aussetzen (title='English Translation of “AUSSETZEN” | Collins German-English Dictionary', bytes=199663)"
Aussicht,noun,die,"primary/basic: No IPA found for selector: phonetics (208735 bytes read) | backup/basic: HTTP 403 for https://www.collinsdictionary.com/dictionary/german-english/Aussicht | backup/browser: Browser fetch timed out for https://www.collinsdictionary.com/dictionary/german-english/Aussicht (title='English Translation of “AUSSICHT” | Collins German-English Dictionary', bytes=199643)"
aussprechen,verb,,"primary/basic: No IPA found for selector: phonetics (274785 bytes read) | backup/basic: HTTP 403 for https://www.collinsdictionary.com/dictionary/german-english/aussprechen | backup/browser: Browser fetch timed out for https://www.collinsdictionary.com/dictionary/german-english/aussprechen (title='English Translation of “AUSSPRECHEN” | Collins German-English Dictionary', bytes=382980)"
Ausstattung,noun,die,"primary/basic: No IPA found for selector: phonetics (195038 bytes read) | backup/basic: HTTP 403 for https://www.collinsdictionary.com/dictionary/german-english/Ausstattung | backup/browser: Browser fetch timed out for https://www.collinsdictionary.com/dictionary/german-english/Ausstattung (title='English Translation of “AUSSTATTUNG” | Collins German-English Dictionary', bytes=199667)"
aussteigen,verb,,"primary/basic: No IPA found for selector: phonetics (222300 bytes read) | backup/basic: HTTP 403 for https://www.collinsdictionary.com/dictionary/german-english/aussteigen | backup/browser: Browser fetch timed out for https://www.collinsdictionary.com/dictionary/german-english/aussteigen (title='English Translation of “AUSSTEIGEN” | Collins German-English Dictionary', bytes=386207)"
ausstellen,verb,,"primary/basic: No IPA found for selector: phonetics (235064 bytes read) | backup/basic: HTTP 403 for https://www.collinsdictionary.com/dictionary/german-english/ausstellen | backup/browser: Browser fetch timed out for https://www.collinsdictionary.com/dictionary/german-english/ausstellen (title='English Translation of “AUSSTELLEN” | Collins German-English Dictionary', bytes=395605)"
Ausstellung,noun,die,"primary/basic: No IPA found for selector: phonetics (191728 bytes read) | backup/basic: HTTP 403 for https://www.collinsdictionary.com/dictionary/german-english/Ausstellung | backup/browser: Browser fetch timed out for https://www.collinsdictionary.com/dictionary/german-english/Ausstellung (title='English Translation of “AUSSTELLUNG” | Collins German-English Dictionary', bytes=207716)"
aussuchen,verb,,"primary/basic: No IPA found for selector: phonetics (186397 bytes read) | backup/basic: HTTP 403 for https://www.collinsdictionary.com/dictionary/german-english/aussuchen | backup/browser: Browser fetch timed out for https://www.collinsdictionary.com/dictionary/german-english/aussuchen (title='English Translation of “AUSSUCHEN” | Collins German-English Dictionary', bytes=383563)"
Austausch,noun,der,"primary/basic: No IPA found for selector: phonetics (178520 bytes read) | backup/basic: HTTP 403 for https://www.collinsdictionary.com/dictionary/german-english/Austausch | backup/browser: Browser fetch timed out for https://www.collinsdictionary.com/dictionary/german-english/Austausch (title='English Translation of “AUSTAUSCH” | Collins German-English Dictionary', bytes=235345)"
austauschen,verb,,"primary/basic: No IPA found for selector: phonetics (228239 bytes read) | backup/basic: HTTP 403 for https://www.collinsdictionary.com/dictionary/german-english/austauschen | backup/browser: Browser fetch timed out for https://www.collinsdictionary.com/dictionary/german-english/austauschen (title='English Translation of “AUSTAUSCHEN” | Collins German-English Dictionary', bytes=393424)"
Auswahl,noun,die,"primary/basic: No IPA found for selector: phonetics (216232 bytes read) | backup/basic: HTTP 403 for https://www.collinsdictionary.com/dictionary/german-english/Auswahl | backup/browser: Browser fetch timed out for https://www.collinsdictionary.com/dictionary/german-english/Auswahl (title='English Translation of “AUSWAHL” | Collins German-English Dictionary', bytes=236683)"
ausweichen,verb,,"primary/basic: No IPA found for selector: phonetics (196716 bytes read) | backup/basic: HTTP 403 for https://www.collinsdictionary.com/dictionary/german-english/ausweichen | backup/browser: Browser fetch timed out for https://www.collinsdictionary.com/dictionary/german-english/ausweichen (title='English Translation of “AUSWEICHEN” | Collins German-English Dictionary', bytes=409473)"
ausweisen,verb,,"primary/basic: No IPA found for selector: phonetics (280634 bytes read) | backup/basic: HTTP 403 for https://www.collinsdictionary.com/dictionary/german-english/ausweisen | backup/browser: Browser fetch timed out for https://www.collinsdictionary.com/dictionary/german-english/ausweisen (title='English Translation of “AUSWEISEN” | Collins German-English Dictionary', bytes=376433)"
auswerten,verb,,"primary/basic: No IPA found for selector: phonetics (179220 bytes read) | backup/basic: HTTP 403 for https://www.collinsdictionary.com/dictionary/german-english/auswerten | backup/browser: Browser fetch timed out for https://www.collinsdictionary.com/dictionary/german-english/auswerten (title='English Translation of “AUSWERTEN” | Collins German-English Dictionary', bytes=372242)"
Auswertung,noun,die,"primary/basic: No IPA found for selector: phonetics (154038 bytes read) | backup/basic: HTTP 403 for https://www.collinsdictionary.com/dictionary/german-english/Auswertung | backup/browser: Browser fetch timed out for https://www.collinsdictionary.com/dictionary/german-english/Auswertung (title='English Translation of “AUSWERTUNG” | Collins German-English Dictionary', bytes=371082)"
auswirken,verb,,"primary/basic: No IPA found for selector: phonetics (181375 bytes read) | backup/basic: HTTP 403 for https://www.collinsdictionary.com/dictionary/german-english/auswirken | backup/browser: Browser fetch timed out for https://www.collinsdictionary.com/dictionary/german-english/auswirken (title='English Translation of “AUSWIRKEN” | Collins German-English Dictionary', bytes=374452)"
Auswirkung,noun,die,"primary/basic: No IPA found for selector: phonetics (157534 bytes read) | backup/basic: HTTP 403 for https://www.collinsdictionary.com/dictionary/german-english/Auswirkung | backup/browser: Browser fetch timed out for https://www.collinsdictionary.com/dictionary/german-english/Auswirkung (title='English Translation of “AUSWIRKUNG” | Collins German-English Dictionary', bytes=199585)"
auswählen,verb,,"primary/basic: No IPA found for selector: phonetics (181865 bytes read) | backup/basic: HTTP 403 for https://www.collinsdictionary.com/dictionary/german-english/ausw%C3%A4hlen | backup/browser: Browser fetch timed out for https://www.collinsdictionary.com/dictionary/german-english/ausw%C3%A4hlen (title='English Translation of “AUSWÄHLEN” | Collins German-English Dictionary', bytes=228095)"
ausziehen,verb,,"primary/basic: No IPA found for selector: phonetics (239217 bytes read) | backup/basic: HTTP 403 for https://www.collinsdictionary.com/dictionary/german-english/ausziehen | backup/browser: Browser fetch timed out for https://www.collinsdictionary.com/dictionary/german-english/ausziehen (title='English Translation of “AUSZIEHEN” | Collins German-English Dictionary', bytes=197704)"
ausüben,verb,,"primary/basic: No IPA found for selector: phonetics (202129 bytes read) | backup/basic: HTTP 403 for https://www.collinsdictionary.com/dictionary/german-english/aus%C3%BCben | backup/browser: Browser fetch timed out for https://www.collinsdictionary.com/dictionary/german-english/aus%C3%BCben (title='English Translation of “AUSÜBEN” | Collins German-English Dictionary', bytes=386110)"
Autobahn,noun,die,"primary/basic: No IPA found for selector: phonetics (188975 bytes read) | backup/basic: HTTP 403 for https://www.collinsdictionary.com/dictionary/german-english/Autobahn | backup/browser: Browser fetch timed out for https://www.collinsdictionary.com/dictionary/german-english/Autobahn (title='English Translation of “AUTOBAHN” | Collins German-English Dictionary', bytes=388293)"
Bahnhof,noun,der,"primary/basic: No IPA found for selector: phonetics (190301 bytes read) | backup/basic: HTTP 403 for https://www.collinsdictionary.com/dictionary/german-english/Bahnhof | backup/browser: Browser fetch timed out for https://www.collinsdictionary.com/dictionary/german-english/Bahnhof (title='English Translation of “BAHNHOF” | Collins German-English Dictionary', bytes=383569)"
Beachtung,noun,die,"primary/basic: No IPA found for selector: phonetics (193494 bytes read) | backup/basic: HTTP 403 for https://www.collinsdictionary.com/dictionary/german-english/Beachtung | backup/browser: Browser fetch timed out for https://www.collinsdictionary.com/dictionary/german-english/Beachtung (title='English Translation of “BEACHTUNG” | Collins German-English Dictionary', bytes=367817)"
beantragen,verb,,"primary/basic: No IPA found for selector: phonetics (198212 bytes read) | backup/basic: HTTP 403 for https://www.collinsdictionary.com/dictionary/german-english/beantragen | backup/browser: Browser fetch timed out for https://www.collinsdictionary.com/dictionary/german-english/beantragen (title='English Translation of “BEANTRAGEN” | Collins German-English Dictionary', bytes=228094)"
beantworten,verb,,"primary/basic: No IPA found for selector: phonetics (193606 bytes read) | backup/basic: HTTP 403 for https://www.collinsdictionary.com/dictionary/german-english/beantworten | backup/browser: Browser fetch timed out for https://www.collinsdictionary.com/dictionary/german-english/beantworten (title='English Translation of “BEANTWORTEN” | Collins German-English Dictionary', bytes=199688)"
bearbeiten,verb,,"primary/basic: No IPA found for selector: phonetics (250394 bytes read) | backup/basic: HTTP 403 for https://www.collinsdictionary.com/dictionary/german-english/bearbeiten | backup/browser: Browser fetch timed out for https://www.collinsdictionary.com/dictionary/german-english/bearbeiten (title='English Translation of “BEARBEITEN” | Collins German-English Dictionary', bytes=378523)"
bedanken,verb,,"primary/basic: No IPA found for selector: phonetics (201765 bytes read) | backup/basic: HTTP 403 for https://www.collinsdictionary.com/dictionary/german-english/bedanken | backup/browser: Browser fetch timed out for https://www.collinsdictionary.com/dictionary/german-english/bedanken (title='English Translation of “BEDANKEN” | Collins German-English Dictionary', bytes=368855)"
bedauern,verb,,"primary/basic: No IPA found for selector: phonetics (212063 bytes read) | backup/basic: HTTP 403 for https://www.collinsdictionary.com/dictionary/german-english/bedauern | backup/browser: Browser fetch timed out for https://www.collinsdictionary.com/dictionary/german-english/bedauern (title='English Translation of “BEDAUERN” | Collins German-English Dictionary', bytes=196790)"
bedecken,verb,,"primary/basic: No IPA found for selector: phonetics (195882 bytes read) | backup/basic: HTTP 403 for https://www.collinsdictionary.com/dictionary/german-english/bedecken | backup/browser: Browser fetch timed out for https://www.collinsdictionary.com/dictionary/german-english/bedecken (title='English Translation of “BEDECKEN” | Collins German-English Dictionary', bytes=207639)"
Bedenken,noun,das,"primary/basic: No IPA found for selector: phonetics (286622 bytes read) | backup/basic: HTTP 403 for https://www.collinsdictionary.com/dictionary/german-english/Bedenken | backup/browser: Browser fetch timed out for https://www.collinsdictionary.com/dictionary/german-english/Bedenken (title='English Translation of “BEDENKEN” | Collins German-English Dictionary', bytes=222350)"
bedeuten,verb,,"primary/basic: No IPA found for selector: phonetics (235151 bytes read) | backup/basic: HTTP 403 for https://www.collinsdictionary.com/dictionary/german-english/bedeuten | backup/browser: Browser fetch timed out for https://www.collinsdictionary.com/dictionary/german-english/bedeuten (title='English Translation of “BEDEUTEN” | Collins German-English Dictionary', bytes=197628)"
bedeutend,adjective,,"primary/basic: No IPA found for selector: phonetics (252215 bytes read) | backup/basic: HTTP 403 for https://www.collinsdictionary.com/dictionary/german-english/bedeutend | backup/browser: Browser fetch timed out for https://www.collinsdictionary.com/dictionary/german-english/bedeutend (title='English Translation of “BEDEUTEND” | Collins German-English Dictionary', bytes=197607)"
bedeutsam,adjective,,"primary/basic: No IPA found for selector: phonetics (162986 bytes read) | backup/basic: HTTP 403 for https://www.collinsdictionary.com/dictionary/german-english/bedeutsam | backup/browser: Browser fetch timed out for https://www.collinsdictionary.com/dictionary/german-english/bedeutsam (title='English Translation of “BEDEUTSAM” | Collins German-English Dictionary', bytes=197607)"
Bedeutung,noun,die,"primary/basic: No IPA found for selector: phonetics (214396 bytes read) | backup/basic: HTTP 403 for https://www.collinsdictionary.com/dictionary/german-english/Bedeutung | backup/browser: Browser fetch timed out for https://www.collinsdictionary.com/dictionary/german-english/Bedeutung (title='English Translation of “BEDEUTUNG” | Collins German-English Dictionary', bytes=199663)"
bedienen,verb,,"primary/basic: No IPA found for selector: phonetics (270698 bytes read) | backup/basic: HTTP 403 for https://www.collinsdictionary.com/dictionary/german-english/bedienen | backup/browser: Browser fetch timed out for https://www.collinsdictionary.com/dictionary/german-english/bedienen (title='English Translation of “BEDIENEN” | Collins German-English Dictionary', bytes=228075)"
bedrohen,verb,,"primary/basic: No IPA found for selector: phonetics (184302 bytes read) | backup/basic: HTTP 403 for https://www.collinsdictionary.com/dictionary/german-english/bedrohen | backup/browser: Browser fetch timed out for https://www.collinsdictionary.com/dictionary/german-english/bedrohen (title='English Translation of “BEDROHEN” | Collins German-English Dictionary', bytes=207706)"
Bedrohung,noun,die,"primary/basic: No IPA found for selector: phonetics (154962 bytes read) | backup/basic: HTTP 403 for https://www.collinsdictionary.com/dictionary/german-english/Bedrohung | backup/browser: Browser fetch timed out for https://www.collinsdictionary.com/dictionary/german-english/Bedrohung (title='English Translation of “BEDROHUNG” | Collins German-English Dictionary', bytes=374984)"
bedürfen,verb,,"primary/basic: No IPA found for selector: phonetics (178547 bytes read) | backup/basic: HTTP 403 for https://www.collinsdictionary.com/dictionary/german-english/bed%C3%BCrfen | backup/browser: Browser fetch timed out for https://www.collinsdictionary.com/dictionary/german-english/bed%C3%BCrfen (title='English Translation of “BEDÜRFEN” | Collins German-English Dictionary', bytes=197503)"
beenden,verb,,"primary/basic: No IPA found for selector: phonetics (499071 bytes read) | backup/basic: HTTP 403 for https://www.collinsdictionary.com/dictionary/german-english/beenden | backup/browser: Browser fetch timed out for https://www.collinsdictionary.com/dictionary/german-english/beenden (title='English Translation of “BEENDEN” | Collins German-English Dictionary', bytes=197505)"
befassen,verb,,"primary/basic: No IPA found for selector: phonetics (201268 bytes read) | backup/basic: HTTP 403 for https://www.collinsdictionary.com/dictionary/german-english/befassen | backup/browser: Browser fetch timed out for https://www.collinsdictionary.com/dictionary/german-english/befassen (title='English Translation of “BEFASSEN” | Collins German-English Dictionary', bytes=197608)"
befestigen,verb,,"primary/basic: No IPA found for selector: phonetics (207901 bytes read) | backup/basic: HTTP 403 for https://www.collinsdictionary.com/dictionary/german-english/befestigen | backup/browser: Browser fetch timed out for https://www.collinsdictionary.com/dictionary/german-english/befestigen (title='English Translation of “BEFESTIGEN” | Collins German-English Dictionary', bytes=402160)"
befinden,verb,,"primary/basic: No IPA found for selector: phonetics (360827 bytes read) | backup/basic: HTTP 403 for https://www.collinsdictionary.com/dictionary/german-english/befinden | backup/browser: Browser fetch timed out for https://www.collinsdictionary.com/dictionary/german-english/befinden (title='English Translation of “BEFINDEN” | Collins German-English Dictionary', bytes=240802)"
befragen,verb,,"primary/basic: No IPA found for selector: phonetics (202552 bytes read) | backup/basic: HTTP 403 for https://www.collinsdictionary.com/dictionary/german-english/befragen | backup/browser: Browser fetch timed out for https://www.collinsdictionary.com/dictionary/german-english/befragen (title='English Translation of “BEFRAGEN” | Collins German-English Dictionary', bytes=197544)"
befreien,verb,,"primary/basic: No IPA found for selector: phonetics (260576 bytes read) | backup/basic: HTTP 403 for https://www.collinsdictionary.com/dictionary/german-english/befreien | backup/browser: Browser fetch timed out for https://www.collinsdictionary.com/dictionary/german-english/befreien (title='English Translation of “BEFREIEN” | Collins German-English Dictionary', bytes=404241)"
Befund,noun,der,"primary/basic: No IPA found for selector: phonetics (169092 bytes read) | backup/basic: HTTP 403 for https://www.collinsdictionary.com/dictionary/german-english/Befund | backup/browser: Browser fetch timed out for https://www.collinsdictionary.com/dictionary/german-english/Befund (title='English Translation of “BEFUND” | Collins German-English Dictionary', bytes=376349)"
befürchten,verb,,"primary/basic: No IPA found for selector: phonetics (199484 bytes read) | backup/basic: HTTP 403 for https://www.collinsdictionary.com/dictionary/german-english/bef%C3%BCrchten | backup/browser: Browser fetch timed out for https://www.collinsdictionary.com/dictionary/german-english/bef%C3%BCrchten (title='English Translation of “BEFÜRCHTEN” | Collins German-English Dictionary', bytes=228094)"
begeben,verb,,"primary/basic: No IPA found for selector: phonetics (229269 bytes read) | backup/basic: HTTP 403 for https://www.collinsdictionary.com/dictionary/german-english/begeben | backup/browser: Browser fetch timed out for https://www.collinsdictionary.com/dictionary/german-english/begeben (title='English Translation of “BEGEBEN” | Collins German-English Dictionary', bytes=379937)"
Begegnung,noun,die,"primary/basic: No IPA found for selector: phonetics (184378 bytes read) | backup/basic: HTTP 403 for https://www.collinsdictionary.com/dictionary/german-english/Begegnung | backup/browser: Browser fetch timed out for https://www.collinsdictionary.com/dictionary/german-english/Begegnung (title='English Translation of “BEGEGNUNG” | Collins German-English Dictionary', bytes=378320)"
begehen,verb,,"primary/basic: No IPA found for selector: phonetics (230687 bytes read) | backup/basic: HTTP 403 for https://www.collinsdictionary.com/dictionary/german-english/begehen | backup/browser: Browser fetch timed out for https://www.collinsdictionary.com/dictionary/german-english/begehen (title='English Translation of “BEGEHEN” | Collins German-English Dictionary', bytes=393395)"
begeistern,verb,,"primary/basic: No IPA found for selector: phonetics (210479 bytes read) | backup/basic: HTTP 403 for https://www.collinsdictionary.com/dictionary/german-english/begeistern | backup/browser: Browser fetch timed out for https://www.collinsdictionary.com/dictionary/german-english/begeistern (title='English Translation of “BEGEISTERN” | Collins German-English Dictionary', bytes=197619)"
begleiten,verb,,"primary/basic: No IPA found for selector: phonetics (211408 bytes read) | backup/basic: HTTP 403 for https://www.collinsdictionary.com/dictionary/german-english/begleiten | backup/browser: Browser fetch timed out for https://www.collinsdictionary.com/dictionary/german-english/begleiten (title='English Translation of “BEGLEITEN” | Collins German-English Dictionary', bytes=207658)"
begreifen,verb,,"primary/basic: No IPA found for selector: phonetics (259231 bytes read) | backup/basic: HTTP 403 for https://www.collinsdictionary.com/dictionary/german-english/begreifen | backup/browser: Browser fetch timed out for https://www.collinsdictionary.com/dictionary/german-english/begreifen (title='English Translation of “BEGREIFEN” | Collins German-English Dictionary', bytes=392941)"
begrenzen,verb,,"primary/basic: No IPA found for selector: phonetics (196127 bytes read) | backup/basic: HTTP 403 for https://www.collinsdictionary.com/dictionary/german-english/begrenzen | backup/browser: Browser fetch timed out for https://www.collinsdictionary.com/dictionary/german-english/begrenzen (title='English Translation of “BEGRENZEN” | Collins German-English Dictionary', bytes=197607)"
Begriff,noun,der,"primary/basic: No IPA found for selector: phonetics (331636 bytes read) | backup/basic: HTTP 403 for https://www.collinsdictionary.com/dictionary/german-english/Begriff | backup/browser: Browser fetch timed out for https://www.collinsdictionary.com/dictionary/german-english/Begriff (title='English Translation of “BEGRIFF” | Collins German-English Dictionary', bytes=239981)"
begründen,verb,,"primary/basic: No IPA found for selector: phonetics (213325 bytes read) | backup/basic: HTTP 403 for https://www.collinsdictionary.com/dictionary/german-english/begr%C3%BCnden | backup/browser: Browser fetch timed out for https://www.collinsdictionary.com/dictionary/german-english/begr%C3%BCnden (title='English Translation of “BEGRÜNDEN” | Collins German-English Dictionary', bytes=197607)"
Begründung,noun,die,"primary/basic: No IPA found for selector: phonetics (210678 bytes read) | backup/basic: HTTP 403 for https://www.collinsdictionary.com/dictionary/german-english/Begr%C3%BCndung | backup/browser: Browser fetch timed out for https://www.collinsdictionary.com/dictionary/german-english/Begr%C3%BCndung (title='Collins Online Dictionary | Definitions, Thesaurus and Translations', bytes=302864)"
begrüßen,verb,,"primary/basic: No IPA found for selector: phonetics (228043 bytes read) | backup/basic: HTTP 403 for https://www.collinsdictionary.com/dictionary/german-english/begr%C3%BC%C3%9Fen | backup/browser: Browser fetch timed out for https://www.collinsdictionary.com/dictionary/german-english/begr%C3%BC%C3%9Fen (title='English Translation of “BEGRÜSSEN” | Collins German-English Dictionary', bytes=385790)"
behalten,verb,,"primary/basic: No IPA found for selector: phonetics (260626 bytes read) | backup/basic: HTTP 403 for https://www.collinsdictionary.com/dictionary/german-english/behalten | backup/browser: Browser fetch timed out for https://www.collinsdictionary.com/dictionary/german-english/behalten (title='English Translation of “BEHALTEN” | Collins German-English Dictionary', bytes=197648)"
behandeln,verb,,"primary/basic: No IPA found for selector: phonetics (236172 bytes read) | backup/basic: HTTP 403 for https://www.collinsdictionary.com/dictionary/german-english/behandeln | backup/browser: Browser fetch timed out for https://www.collinsdictionary.com/dictionary/german-english/behandeln (title='English Translation of “BEHANDELN” | Collins German-English Dictionary', bytes=384917)"
Behandlung,noun,die,"primary/basic: No IPA found for selector: phonetics (203409 bytes read) | backup/basic: HTTP 403 for https://www.collinsdictionary.com/dictionary/german-english/Behandlung | backup/browser: Browser fetch timed out for https://www.collinsdictionary.com/dictionary/german-english/Behandlung (title='English Translation of “BEHANDLUNG” | Collins German-English Dictionary', bytes=388634)"
beherrschen,verb,,"primary/basic: No IPA found for selector: phonetics (275692 bytes read) | backup/basic: HTTP 403 for https://www.collinsdictionary.com/dictionary/german-english/beherrschen | backup/browser: Browser fetch timed out for https://www.collinsdictionary.com/dictionary/german-english/beherrschen (title='English Translation of “BEHERRSCHEN” | Collins German-English Dictionary', bytes=382096)"
behindert,adjective,,"primary/basic: No IPA found for selector: phonetics (217542 bytes read) | backup/basic: HTTP 403 for https://www.collinsdictionary.com/dictionary/german-english/behindert | backup/browser: Browser fetch timed out for https://www.collinsdictionary.com/dictionary/german-english/behindert (title='English Translation of “BEHINDERT” | Collins German-English Dictionary', bytes=197541)"
Behinderung,noun,die,"primary/basic: No IPA found for selector: phonetics (186396 bytes read) | backup/basic: HTTP 403 for https://www.collinsdictionary.com/dictionary/german-english/Behinderung | backup/browser: Browser fetch timed out for https://www.collinsdictionary.com/dictionary/german-english/Behinderung (title='English Translation of “BEHINDERUNG” | Collins German-English Dictionary', bytes=391220)"
beibringen,verb,,"primary/basic: No IPA found for selector: phonetics (223707 bytes read) | backup/basic: HTTP 403 for https://www.collinsdictionary.com/dictionary/german-english/beibringen | backup/browser: Browser fetch timed out for https://www.collinsdictionary.com/dictionary/german-english/beibringen (title='English Translation of “BEIBRINGEN” | Collins German-English Dictionary', bytes=207677)"
beispielsweise,adverb,,"primary/basic: No IPA found for selector: phonetics (151008 bytes read) | backup/basic: HTTP 403 for https://www.collinsdictionary.com/dictionary/german-english/beispielsweise | backup/browser: Browser fetch timed out for https://www.collinsdictionary.com/dictionary/german-english/beispielsweise (title='English Translation of “BEISPIELSWEISE” | Collins German-English Dictionary', bytes=368888)"
beitragen,verb,,"primary/basic: No IPA found for selector: phonetics (194206 bytes read) | backup/basic: HTTP 403 for https://www.collinsdictionary.com/dictionary/german-english/beitragen | backup/browser: Browser fetch timed out for https://www.collinsdictionary.com/dictionary/german-english/beitragen (title='English Translation of “BEITRAGEN” | Collins German-English Dictionary', bytes=199650)"
beklagen,verb,,"primary/basic: No IPA found for selector: phonetics (205006 bytes read) | backup/basic: HTTP 403 for https://www.collinsdictionary.com/dictionary/german-english/beklagen | backup/browser: Browser fetch timed out for https://www.collinsdictionary.com/dictionary/german-english/beklagen (title='English Translation of “BEKLAGEN” | Collins German-English Dictionary', bytes=384078)"
bekommen,verb,,"primary/basic: No IPA found for selector: phonetics (608302 bytes read) | backup/basic: HTTP 403 for https://www.collinsdictionary.com/dictionary/german-english/bekommen | backup/browser: Browser fetch timed out for https://www.collinsdictionary.com/dictionary/german-english/bekommen (title='English Translation of “BEKOMMEN” | Collins German-English Dictionary', bytes=410553)"
bekämpfen,verb,,"primary/basic: No IPA found for selector: phonetics (229850 bytes read) | backup/basic: HTTP 403 for https://www.collinsdictionary.com/dictionary/german-english/bek%C3%A4mpfen | backup/browser: Browser fetch timed out for https://www.collinsdictionary.com/dictionary/german-english/bek%C3%A4mpfen (title='English Translation of “BEKÄMPFEN” | Collins German-English Dictionary', bytes=379063)"
Bekämpfung,noun,die,"primary/basic: No IPA found for selector: phonetics (168804 bytes read) | backup/basic: HTTP 403 for https://www.collinsdictionary.com/dictionary/german-english/Bek%C3%A4mpfung | backup/browser: Browser fetch timed out for https://www.collinsdictionary.com/dictionary/german-english/Bek%C3%A4mpfung (title='Collins Online Dictionary | Definitions, Thesaurus and Translations', bytes=134364)"
belasten,verb,,"primary/basic: No IPA found for selector: phonetics (341956 bytes read) | backup/basic: HTTP 403 for https://www.collinsdictionary.com/dictionary/german-english/belasten | backup/browser: Browser fetch timed out for https://www.collinsdictionary.com/dictionary/german-english/belasten (title='English Translation of “BELASTEN” | Collins German-English Dictionary', bytes=411328)"
Belastung,noun,die,"primary/basic: No IPA found for selector: phonetics (239868 bytes read) | backup/basic: HTTP 403 for https://www.collinsdictionary.com/dictionary/german-english/Belastung | backup/browser: Browser fetch timed out for https://www.collinsdictionary.com/dictionary/german-english/Belastung (title='English Translation of “BELASTUNG” | Collins German-English Dictionary', bytes=199648)"
beleben,verb,,"primary/basic: No IPA found for selector: phonetics (228802 bytes read) | backup/basic: HTTP 403 for https://www.collinsdictionary.com/dictionary/german-english/beleben | backup/browser: Browser fetch timed out for https://www.collinsdictionary.com/dictionary/german-english/beleben (title='English Translation of “BELEBEN” | Collins German-English Dictionary', bytes=387295)"
belegen,verb,,"primary/basic: No IPA found for selector: phonetics (323348 bytes read) | backup/basic: HTTP 403 for https://www.collinsdictionary.com/dictionary/german-english/belegen | backup/browser: Browser fetch timed out for https://www.collinsdictionary.com/dictionary/german-english/belegen (title='English Translation of “BELEGEN” | Collins German-English Dictionary', bytes=207640)"
bemerken,verb,,"primary/basic: No IPA found for selector: phonetics (201060 bytes read) | backup/basic: HTTP 403 for https://www.collinsdictionary.com/dictionary/german-english/bemerken | backup/browser: Browser fetch timed out for https://www.collinsdictionary.com/dictionary/german-english/bemerken (title='English Translation of “BEMERKEN” | Collins German-English Dictionary', bytes=199643)"
bemerkenswert,adjective,,"primary/basic: No IPA found for selector: phonetics (165799 bytes read) | backup/basic: HTTP 403 for https://www.collinsdictionary.com/dictionary/german-english/bemerkenswert | backup/browser: Browser fetch timed out for https://www.collinsdictionary.com/dictionary/german-english/bemerkenswert (title='English Translation of “BEMERKENSWERT” | Collins German-English Dictionary', bytes=398463)"
Bemühung,noun,die,"primary/basic: No IPA found for selector: phonetics (169204 bytes read) | backup/basic: HTTP 403 for https://www.collinsdictionary.com/dictionary/german-english/Bem%C3%BChung | backup/browser: Browser fetch timed out for https://www.collinsdictionary.com/dictionary/german-english/Bem%C3%BChung (title='Collins Online Dictionary | Definitions, Thesaurus and Translations', bytes=304007)"
benennen,verb,,"primary/basic: No IPA found for selector: phonetics (188297 bytes read) | backup/basic: HTTP 403 for https://www.collinsdictionary.com/dictionary/german-english/benennen | backup/browser: Browser fetch timed out for https://www.collinsdictionary.com/dictionary/german-english/benennen (title='English Translation of “BENENNEN” | Collins German-English Dictionary', bytes=378209)"
benutzen,verb,,"primary/basic: No IPA found for selector: phonetics (223338 bytes read) | backup/basic: HTTP 403 for https://www.collinsdictionary.com/dictionary/german-english/benutzen | backup/browser: Browser fetch timed out for https://www.collinsdictionary.com/dictionary/german-english/benutzen (title='English Translation of “BENUTZEN” | Collins German-English Dictionary', bytes=372004)"
Benutzer,noun,der,"primary/basic: No IPA found for selector: phonetics (217587 bytes read) | backup/basic: HTTP 403 for https://www.collinsdictionary.com/dictionary/german-english/Benutzer | backup/browser: Browser fetch timed out for https://www.collinsdictionary.com/dictionary/german-english/Benutzer (title='English Translation of “BENUTZER” | Collins German-English Dictionary', bytes=371148)"
Benutzung,noun,die,"primary/basic: No IPA found for selector: phonetics (202844 bytes read) | backup/basic: HTTP 403 for https://www.collinsdictionary.com/dictionary/german-english/Benutzung | backup/browser: Browser fetch timed out for https://www.collinsdictionary.com/dictionary/german-english/Benutzung (title='English Translation of “BENUTZUNG” | Collins German-English Dictionary', bytes=372484)"
benötigen,verb,,"primary/basic: No IPA found for selector: phonetics (178850 bytes read) | backup/basic: HTTP 403 for https://www.collinsdictionary.com/dictionary/german-english/ben%C3%B6tigen | backup/browser: Browser fetch timed out for https://www.collinsdictionary.com/dictionary/german-english/ben%C3%B6tigen (title='English Translation of “BENÖTIGEN” | Collins German-English Dictionary', bytes=230342)"
Beobachter,noun,der,"primary/basic: No IPA found for selector: phonetics (157039 bytes read) | backup/basic: HTTP 403 for https://www.collinsdictionary.com/dictionary/german-english/Beobachter | backup/browser: Browser fetch timed out for https://www.collinsdictionary.com/dictionary/german-english/Beobachter (title='English Translation of “BEOBACHTER” | Collins German-English Dictionary', bytes=228095)"
Beobachtung,noun,die,"primary/basic: No IPA found for selector: phonetics (179710 bytes read) | backup/basic: HTTP 403 for https://www.collinsdictionary.com/dictionary/german-english/Beobachtung | backup/browser: Browser fetch timed out for https://www.collinsdictionary.com/dictionary/german-english/Beobachtung (title='English Translation of “BEOBACHTUNG” | Collins German-English Dictionary', bytes=378094)"
beraten,verb,,"primary/basic: No IPA found for selector: phonetics (235915 bytes read) | backup/basic: HTTP 403 for https://www.collinsdictionary.com/dictionary/german-english/beraten | backup/browser: Browser fetch timed out for https://www.collinsdictionary.com/dictionary/german-english/beraten (title='English Translation of “BERATEN” | Collins German-English Dictionary', bytes=379182)"
Beratung,noun,die,"primary/basic: No IPA found for selector: phonetics (183319 bytes read) | backup/basic: HTTP 403 for https://www.collinsdictionary.com/dictionary/german-english/Beratung | backup/browser: Browser fetch timed out for https://www.collinsdictionary.com/dictionary/german-english/Beratung (title='English Translation of “BERATUNG” | Collins German-English Dictionary', bytes=197665)"
berechnen,verb,,"primary/basic: No IPA found for selector: phonetics (213165 bytes read) | backup/basic: HTTP 403 for https://www.collinsdictionary.com/dictionary/german-english/berechnen | backup/browser: Browser fetch timed out for https://www.collinsdictionary.com/dictionary/german-english/berechnen (title='English Translation of “BERECHNEN” | Collins German-English Dictionary', bytes=401466)"
Berechnung,noun,die,"primary/basic: No IPA found for selector: phonetics (217550 bytes read) | backup/basic: HTTP 403 for https://www.collinsdictionary.com/dictionary/german-english/Berechnung | backup/browser: Browser fetch timed out for https://www.collinsdictionary.com/dictionary/german-english/Berechnung (title='English Translation of “BERECHNUNG” | Collins German-English Dictionary', bytes=197626)"
bereiten,verb,,"primary/basic: No IPA found for selector: phonetics (261079 bytes read) | backup/basic: HTTP 403 for https://www.collinsdictionary.com/dictionary/german-english/bereiten | backup/browser: Browser fetch timed out for https://www.collinsdictionary.com/dictionary/german-english/bereiten (title='English Translation of “BEREITEN” | Collins German-English Dictionary', bytes=197608)"
bereitstellen,verb,,"primary/basic: No IPA found for selector: phonetics (190849 bytes read) | backup/basic: HTTP 403 for https://www.collinsdictionary.com/dictionary/german-english/bereitstellen | backup/browser: Browser fetch timed out for https://www.collinsdictionary.com/dictionary/german-english/bereitstellen (title='English Translation of “BEREITSTELLEN” | Collins German-English Dictionary', bytes=373387)"
berichten,verb,,"primary/basic: No IPA found for selector: phonetics (284244 bytes read) | backup/basic: HTTP 403 for https://www.collinsdictionary.com/dictionary/german-english/berichten | backup/browser: Browser fetch timed out for https://www.collinsdictionary.com/dictionary/german-english/berichten (title='English Translation of “BERICHTEN” | Collins German-English Dictionary', bytes=207658)"
beruflich,adjective,,"primary/basic: No IPA found for selector: phonetics (226730 bytes read) | backup/basic: HTTP 403 for https://www.collinsdictionary.com/dictionary/german-english/beruflich | backup/browser: Browser fetch timed out for https://www.collinsdictionary.com/dictionary/german-english/beruflich (title='English Translation of “BERUFLICH” | Collins German-English Dictionary', bytes=197821)"
berufstätig,adjective,,"primary/basic: No IPA found for selector: phonetics (177915 bytes read) | backup/basic: HTTP 403 for https://www.collinsdictionary.com/dictionary/german-english/berufst%C3%A4tig | backup/browser: Browser fetch timed out for https://www.collinsdictionary.com/dictionary/german-english/berufst%C3%A4tig (title='English Translation of “BERUFSTÄTIG” | Collins German-English Dictionary', bytes=207696)"
beruhen,verb,,"primary/basic: No IPA found for selector: phonetics (208470 bytes read) | backup/basic: HTTP 403 for https://www.collinsdictionary.com/dictionary/german-english/beruhen | backup/browser: Browser fetch timed out for https://www.collinsdictionary.com/dictionary/german-english/beruhen (title='English Translation of “BERUHEN” | Collins German-English Dictionary', bytes=372975)"
Berücksichtigung,noun,die,"primary/basic: No IPA found for selector: phonetics (156446 bytes read) | backup/basic: HTTP 403 for https://www.collinsdictionary.com/dictionary/german-english/Ber%C3%BCcksichtigung | backup/browser: Browser fetch timed out for https://www.collinsdictionary.com/dictionary/german-english/Ber%C3%BCcksichtigung (title='Collins Online Dictionary | Definitions, Thesaurus and Translations', bytes=134364)"
berühren,verb,,"primary/basic: No IPA found for selector: phonetics (238610 bytes read) | backup/basic: HTTP 403 for https://www.collinsdictionary.com/dictionary/german-english/ber%C3%BChren | backup/browser: Browser fetch timed out for https://www.collinsdictionary.com/dictionary/german-english/ber%C3%BChren (title='English Translation of “BERÜHREN” | Collins German-English Dictionary', bytes=197608)"
beschließen,verb,,"primary/basic: No IPA found for selector: phonetics (217032 bytes read) | backup/basic: HTTP 403 for https://www.collinsdictionary.com/dictionary/german-english/beschlie%C3%9Fen | backup/browser: Browser fetch timed out for https://www.collinsdictionary.com/dictionary/german-english/beschlie%C3%9Fen (title='English Translation of “BESCHLIESSEN” | Collins German-English Dictionary', bytes=207715)"
Beschluss,noun,der,"primary/basic: No IPA found for selector: phonetics (207915 bytes read) | backup/basic: HTTP 403 for https://www.collinsdictionary.com/dictionary/german-english/Beschluss | backup/browser: Browser fetch timed out for https://www.collinsdictionary.com/dictionary/german-english/Beschluss (title='English Translation of “BESCHLUSS” | Collins German-English Dictionary', bytes=370891)"
beschreiben,verb,,"primary/basic: No IPA found for selector: phonetics (215664 bytes read) | backup/basic: HTTP 403 for https://www.collinsdictionary.com/dictionary/german-english/beschreiben | backup/browser: Browser fetch timed out for https://www.collinsdictionary.com/dictionary/german-english/beschreiben (title='English Translation of “BESCHREIBEN” | Collins German-English Dictionary', bytes=199688)"
Beschreibung,noun,die,"primary/basic: No IPA found for selector: phonetics (209319 bytes read) | backup/basic: HTTP 403 for https://www.collinsdictionary.com/dictionary/german-english/Beschreibung | backup/browser: Browser fetch timed out for https://www.collinsdictionary.com/dictionary/german-english/Beschreibung (title='English Translation of “BESCHREIBUNG” | Collins German-English Dictionary', bytes=381637)"
Beschränkung,noun,die,"primary/basic: No IPA found for selector: phonetics (177441 bytes read) | backup/basic: HTTP 403 for https://www.collinsdictionary.com/dictionary/german-english/Beschr%C3%A4nkung | backup/browser: Browser fetch timed out for https://www.collinsdictionary.com/dictionary/german-english/Beschr%C3%A4nkung (title='Collins Online Dictionary | Definitions, Thesaurus and Translations', bytes=296830)"
beschädigen,verb,,"primary/basic: No IPA found for selector: phonetics (169436 bytes read) | backup/basic: HTTP 403 for https://www.collinsdictionary.com/dictionary/german-english/besch%C3%A4digen | backup/browser: Browser fetch timed out for https://www.collinsdictionary.com/dictionary/german-english/besch%C3%A4digen (title='English Translation of “BESCHÄDIGEN” | Collins German-English Dictionary', bytes=200302)"
Beschäftigte,noun,der/die,"primary/basic: No IPA found for selector: phonetics (227668 bytes read) | backup/basic: HTTP 403 for https://www.collinsdictionary.com/dictionary/german-english/Besch%C3%A4ftigte | backup/browser: Browser fetch timed out for https://www.collinsdictionary.com/dictionary/german-english/Besch%C3%A4ftigte (title='Collins Online Dictionary | Definitions, Thesaurus and Translations', bytes=296253)"
Beschäftigung,noun,die,"primary/basic: No IPA found for selector: phonetics (243863 bytes read) | backup/basic: HTTP 403 for https://www.collinsdictionary.com/dictionary/german-english/Besch%C3%A4ftigung | backup/browser: Browser fetch timed out for https://www.collinsdictionary.com/dictionary/german-english/Besch%C3%A4ftigung (title='Collins Online Dictionary | Definitions, Thesaurus and Translations', bytes=136469)"
besetzen,verb,,"primary/basic: No IPA found for selector: phonetics (241875 bytes read) | backup/basic: HTTP 403 for https://www.collinsdictionary.com/dictionary/german-english/besetzen | backup/browser: Browser fetch timed out for https://www.collinsdictionary.com/dictionary/german-english/besetzen (title='English Translation of “BESETZEN” | Collins German-English Dictionary', bytes=382663)"
besitzen,verb,,"primary/basic: No IPA found for selector: phonetics (229923 bytes read) | backup/basic: HTTP 403 for https://www.collinsdictionary.com/dictionary/german-english/besitzen | backup/browser: Browser fetch timed out for https://www.collinsdictionary.com/dictionary/german-english/besitzen (title='English Translation of “BESITZEN” | Collins German-English Dictionary', bytes=207638)"
Besitzer,noun,der,"primary/basic: No IPA found for selector: phonetics (187829 bytes read) | backup/basic: HTTP 403 for https://www.collinsdictionary.com/dictionary/german-english/Besitzer | backup/browser: Browser fetch timed out for https://www.collinsdictionary.com/dictionary/german-english/Besitzer (title='English Translation of “BESITZER” | Collins German-English Dictionary', bytes=381811)"
"besondere (r,s)",adjective,,"primary/basic: No IPA found for selector: phonetics (228938 bytes read) | backup/basic: HTTP 403 for https://www.collinsdictionary.com/dictionary/german-english/besondere%20%28r%2Cs%29 | backup/browser: Browser fetch timed out for https://www.collinsdictionary.com/dictionary/german-english/besondere%20%28r%2Cs%29 (title='Collins Online Dictionary | Definitions, Thesaurus and Translations', bytes=136483)"
Besonderheit,noun,die,"primary/basic: No IPA found for selector: phonetics (166180 bytes read) | backup/basic: HTTP 403 for https://www.collinsdictionary.com/dictionary/german-english/Besonderheit | backup/browser: Browser fetch timed out for https://www.collinsdictionary.com/dictionary/german-english/Besonderheit (title='English Translation of “BESONDERHEIT” | Collins German-English Dictionary', bytes=197664)"
besorgen,verb,,"primary/basic: No IPA found for selector: phonetics (241766 bytes read) | backup/basic: HTTP 403 for https://www.collinsdictionary.com/dictionary/german-english/besorgen | backup/browser: Browser fetch timed out for https://www.collinsdictionary.com/dictionary/german-english/besorgen (title='English Translation of “BESORGEN” | Collins German-English Dictionary', bytes=227995)"
besprechen,verb,,"primary/basic: No IPA found for selector: phonetics (230299 bytes read) | backup/basic: HTTP 403 for https://www.collinsdictionary.com/dictionary/german-english/besprechen | backup/browser: Browser fetch timed out for https://www.collinsdictionary.com/dictionary/german-english/besprechen (title='English Translation of “BESPRECHEN” | Collins German-English Dictionary', bytes=197646)"
Bestand,noun,der,"primary/basic: No IPA found for selector: phonetics (540088 bytes read) | backup/basic: HTTP 403 for https://www.collinsdictionary.com/dictionary/german-english/Bestand | backup/browser: Browser fetch timed out for https://www.collinsdictionary.com/dictionary/german-english/Bestand (title='English Translation of “BESTAND” | Collins German-English Dictionary', bytes=197569)"
Bestandteil,noun,der,"primary/basic: No IPA found for selector: phonetics (199789 bytes read) | backup/basic: HTTP 403 for https://www.collinsdictionary.com/dictionary/german-english/Bestandteil | backup/browser: Browser fetch timed out for https://www.collinsdictionary.com/dictionary/german-english/Bestandteil (title='English Translation of “BESTANDTEIL” | Collins German-English Dictionary', bytes=199688)"
"beste (r,s)",adjective,,"primary/basic: No IPA found for selector: phonetics (901792 bytes read) | backup/basic: HTTP 403 for https://www.collinsdictionary.com/dictionary/german-english/beste%20%28r%2Cs%29 | backup/browser: Browser fetch timed out for https://www.collinsdictionary.com/dictionary/german-english/beste%20%28r%2Cs%29 (title='English Translation of “-GUT” | Collins German-English Dictionary', bytes=197578)"
bestehen,verb,,"primary/basic: No IPA found for selector: phonetics (445136 bytes read) | backup/basic: HTTP 403 for https://www.collinsdictionary.com/dictionary/german-english/bestehen | backup/browser: Browser fetch timed out for https://www.collinsdictionary.com/dictionary/german-english/bestehen (title='English Translation of “BESTEHEN” | Collins German-English Dictionary', bytes=405928)"
bestellen,verb,,"primary/basic: No IPA found for selector: phonetics (344084 bytes read) | backup/basic: HTTP 403 for https://www.collinsdictionary.com/dictionary/german-english/bestellen | backup/browser: Browser fetch timed out for https://www.collinsdictionary.com/dictionary/german-english/bestellen (title='English Translation of “BESTELLEN” | Collins German-English Dictionary', bytes=380558)"
Bestellung,noun,die,"primary/basic: No IPA found for selector: phonetics (267303 bytes read) | backup/basic: HTTP 403 for https://www.collinsdictionary.com/dictionary/german-english/Bestellung | backup/browser: Browser fetch timed out for https://www.collinsdictionary.com/dictionary/german-english/Bestellung (title='English Translation of “BESTELLUNG” | Collins German-English Dictionary', bytes=197626)"
bestimmen,verb,,"primary/basic: No IPA found for selector: phonetics (334202 bytes read) | backup/basic: HTTP 403 for https://www.collinsdictionary.com/dictionary/german-english/bestimmen | backup/browser: Browser fetch timed out for https://www.collinsdictionary.com/dictionary/german-english/bestimmen (title='English Translation of “BESTIMMEN” | Collins German-English Dictionary', bytes=197626)"
Bestimmungen,noun,die,"primary/basic: No IPA found for selector: phonetics (121959 bytes read) | backup/basic: HTTP 403 for https://www.collinsdictionary.com/dictionary/german-english/Bestimmungen | backup/browser: Browser fetch timed out for https://www.collinsdictionary.com/dictionary/german-english/Bestimmungen (title='English Translation of “EU-BESTIMMUNG” | Collins German-English Dictionary', bytes=364741)"
bestreiten,verb,,"primary/basic: No IPA found for selector: phonetics (246478 bytes read) | backup/basic: HTTP 403 for https://www.collinsdictionary.com/dictionary/german-english/bestreiten | backup/browser: Browser fetch timed out for https://www.collinsdictionary.com/dictionary/german-english/bestreiten (title='English Translation of “BESTREITEN” | Collins German-English Dictionary', bytes=199669)"
besuchen,verb,,"primary/basic: No IPA found for selector: phonetics (299948 bytes read) | backup/basic: HTTP 403 for https://www.collinsdictionary.com/dictionary/german-english/besuchen | backup/browser: Browser fetch timed out for https://www.collinsdictionary.com/dictionary/german-english/besuchen (title='English Translation of “BESUCHEN” | Collins German-English Dictionary', bytes=207639)"
Besucher,noun,der,"primary/basic: No IPA found for selector: phonetics (207710 bytes read) | backup/basic: HTTP 403 for https://www.collinsdictionary.com/dictionary/german-english/Besucher | backup/browser: Browser fetch timed out for https://www.collinsdictionary.com/dictionary/german-english/Besucher (title='English Translation of “BESUCHER” | Collins German-English Dictionary', bytes=381170)"
Beteiligung,noun,die,"primary/basic: No IPA found for selector: phonetics (226069 bytes read) | backup/basic: HTTP 403 for https://www.collinsdictionary.com/dictionary/german-english/Beteiligung | backup/browser: Browser fetch timed out for https://www.collinsdictionary.com/dictionary/german-english/Beteiligung (title='English Translation of “BETEILIGUNG” | Collins German-English Dictionary', bytes=381417)"
betonen,verb,,"primary/basic: No IPA found for selector: phonetics (194312 bytes read) | backup/basic: HTTP 403 for https://www.collinsdictionary.com/dictionary/german-english/betonen | backup/browser: Browser fetch timed out for https://www.collinsdictionary.com/dictionary/german-english/betonen (title='English Translation of “BETONEN” | Collins German-English Dictionary', bytes=197589)"
betrachten,verb,,"primary/basic: No IPA found for selector: phonetics (212266 bytes read) | backup/basic: HTTP 403 for https://www.collinsdictionary.com/dictionary/german-english/betrachten | backup/browser: Browser fetch timed out for https://www.collinsdictionary.com/dictionary/german-english/betrachten (title='English Translation of “BETRACHTEN” | Collins German-English Dictionary', bytes=381688)"
betragen,verb,,"primary/basic: No IPA found for selector: phonetics (188823 bytes read) | backup/basic: HTTP 403 for https://www.collinsdictionary.com/dictionary/german-english/betragen | backup/browser: Browser fetch timed out for https://www.collinsdictionary.com/dictionary/german-english/betragen (title='English Translation of “BETRAGEN” | Collins German-English Dictionary', bytes=207699)"
betreffen,verb,,"primary/basic: No IPA found for selector: phonetics (219085 bytes read) | backup/basic: HTTP 403 for https://www.collinsdictionary.com/dictionary/german-english/betreffen | backup/browser: Browser fetch timed out for https://www.collinsdictionary.com/dictionary/german-english/betreffen (title='English Translation of “BETREFFEN” | Collins German-English Dictionary', bytes=392169)"
betreiben,verb,,"primary/basic: No IPA found for selector: phonetics (224853 bytes read) | backup/basic: HTTP 403 for https://www.collinsdictionary.com/dictionary/german-english/betreiben | backup/browser: Browser fetch timed out for https://www.collinsdictionary.com/dictionary/german-english/betreiben (title='English Translation of “BETREIBEN” | Collins German-English Dictionary', bytes=197684)"
betreten,verb,,"primary/basic: No IPA found for selector: phonetics (234895 bytes read) | backup/basic: HTTP 403 for https://www.collinsdictionary.com/dictionary/german-english/betreten | backup/browser: Browser fetch timed out for https://www.collinsdictionary.com/dictionary/german-english/betreten (title='English Translation of “BETRETEN” | Collins German-English Dictionary', bytes=199651)"
Betreuung,noun,die,"primary/basic: No IPA found for selector: phonetics (200380 bytes read) | backup/basic: HTTP 403 for https://www.collinsdictionary.com/dictionary/german-english/Betreuung | backup/browser: Browser fetch timed out for https://www.collinsdictionary.com/dictionary/german-english/Betreuung (title='English Translation of “BETREUUNG” | Collins German-English Dictionary', bytes=207658)"
Betriebssystem,noun,das,"primary/basic: No IPA found for selector: phonetics (155860 bytes read) | backup/basic: HTTP 403 for https://www.collinsdictionary.com/dictionary/german-english/Betriebssystem | backup/browser: Browser fetch timed out for https://www.collinsdictionary.com/dictionary/german-english/Betriebssystem (title='English Translation of “BETRIEBSSYSTEM” | Collins German-English Dictionary', bytes=197702)"
beurteilen,verb,,"primary/basic: No IPA found for selector: phonetics (201099 bytes read) | backup/basic: HTTP 403 for https://www.collinsdictionary.com/dictionary/german-english/beurteilen | backup/browser: Browser fetch timed out for https://www.collinsdictionary.com/dictionary/german-english/beurteilen (title='English Translation of “BEURTEILEN” | Collins German-English Dictionary', bytes=199669)"
Beurteilung,noun,die,"primary/basic: No IPA found for selector: phonetics (178762 bytes read) | backup/basic: HTTP 403 for https://www.collinsdictionary.com/dictionary/german-english/Beurteilung | backup/browser: Browser fetch timed out for https://www.collinsdictionary.com/dictionary/german-english/Beurteilung (title='English Translation of “BEURTEILUNG” | Collins German-English Dictionary', bytes=377445)"
bevorstehen,verb,,"primary/basic: No IPA found for selector: phonetics (190981 bytes read) | backup/basic: HTTP 403 for https://www.collinsdictionary.com/dictionary/german-english/bevorstehen | backup/browser: Browser fetch timed out for https://www.collinsdictionary.com/dictionary/german-english/bevorstehen (title='English Translation of “BEVORSTEHEN” | Collins German-English Dictionary', bytes=376485)"
Bevölkerung,noun,die,"primary/basic: No IPA found for selector: phonetics (169551 bytes read) | backup/basic: HTTP 403 for https://www.collinsdictionary.com/dictionary/german-english/Bev%C3%B6lkerung | backup/browser: Browser fetch timed out for https://www.collinsdictionary.com/dictionary/german-english/Bev%C3%B6lkerung (title='Collins Online Dictionary | Definitions, Thesaurus and Translations', bytes=304601)"
bewahren,verb,,"primary/basic: No IPA found for selector: phonetics (248604 bytes read) | backup/basic: HTTP 403 for https://www.collinsdictionary.com/dictionary/german-english/bewahren | backup/browser: Browser fetch timed out for https://www.collinsdictionary.com/dictionary/german-english/bewahren (title='English Translation of “BEWAHREN” | Collins German-English Dictionary', bytes=197811)"
beweisen,verb,,"primary/basic: No IPA found for selector: phonetics (268296 bytes read) | backup/basic: HTTP 403 for https://www.collinsdictionary.com/dictionary/german-english/beweisen | backup/browser: Browser fetch timed out for https://www.collinsdictionary.com/dictionary/german-english/beweisen (title='English Translation of “BEWEISEN” | Collins German-English Dictionary', bytes=390241)"
bewerben,verb,,"primary/basic: No IPA found for selector: phonetics (203088 bytes read) | backup/basic: HTTP 403 for https://www.collinsdictionary.com/dictionary/german-english/bewerben | backup/browser: Browser fetch timed out for https://www.collinsdictionary.com/dictionary/german-english/bewerben (title='English Translation of “BEWERBEN” | Collins German-English Dictionary', bytes=207699)"
Bewerber,noun,der,"primary/basic: No IPA found for selector: phonetics (159955 bytes read) | backup/basic: HTTP 403 for https://www.collinsdictionary.com/dictionary/german-english/Bewerber | backup/browser: Browser fetch timed out for https://www.collinsdictionary.com/dictionary/german-english/Bewerber (title='English Translation of “BEWERBER” | Collins German-English Dictionary', bytes=381548)"
bewerten,verb,,"primary/basic: No IPA found for selector: phonetics (217881 bytes read) | backup/basic: HTTP 403 for https://www.collinsdictionary.com/dictionary/german-english/bewerten | backup/browser: Browser fetch timed out for https://www.collinsdictionary.com/dictionary/german-english/bewerten (title='English Translation of “BEWERTEN” | Collins German-English Dictionary', bytes=384493)"
Bewertung,noun,die,"primary/basic: No IPA found for selector: phonetics (214648 bytes read) | backup/basic: HTTP 403 for https://www.collinsdictionary.com/dictionary/german-english/Bewertung | backup/browser: Browser fetch timed out for https://www.collinsdictionary.com/dictionary/german-english/Bewertung (title='English Translation of “BEWERTUNG” | Collins German-English Dictionary', bytes=370863)"
bewirken,verb,,"primary/basic: No IPA found for selector: phonetics (191381 bytes read) | backup/basic: HTTP 403 for https://www.collinsdictionary.com/dictionary/german-english/bewirken | backup/browser: Browser fetch timed out for https://www.collinsdictionary.com/dictionary/german-english/bewirken (title='English Translation of “BEWIRKEN” | Collins German-English Dictionary', bytes=199624)"
bewusst,adjective,,"primary/basic: No IPA found for selector: phonetics (198889 bytes read) | backup/basic: HTTP 403 for https://www.collinsdictionary.com/dictionary/german-english/bewusst | backup/browser: Browser fetch timed out for https://www.collinsdictionary.com/dictionary/german-english/bewusst (title='English Translation of “BEWUSST” | Collins German-English Dictionary', bytes=197609)"
bewähren,verb,,"primary/basic: No IPA found for selector: phonetics (241315 bytes read) | backup/basic: HTTP 403 for https://www.collinsdictionary.com/dictionary/german-english/bew%C3%A4hren | backup/browser: Browser fetch timed out for https://www.collinsdictionary.com/dictionary/german-english/bew%C3%A4hren (title='English Translation of “BEWAHREN” | Collins German-English Dictionary', bytes=275696)"
bezahlen,verb,,"primary/basic: No IPA found for selector: phonetics (522696 bytes read) | backup/basic: HTTP 403 for https://www.collinsdictionary.com/dictionary/german-english/bezahlen | backup/browser: Browser fetch timed out for https://www.collinsdictionary.com/dictionary/german-english/bezahlen (title='English Translation of “BEZAHLEN” | Collins German-English Dictionary', bytes=272971)"
bezeichnen,verb,,"primary/basic: No IPA found for selector: phonetics (210116 bytes read) | backup/basic: HTTP 403 for https://www.collinsdictionary.com/dictionary/german-english/bezeichnen | backup/browser: Browser fetch timed out for https://www.collinsdictionary.com/dictionary/german-english/bezeichnen (title='English Translation of “BEZEICHNEN” | Collins German-English Dictionary', bytes=197542)"
Bezeichnung,noun,die,"primary/basic: No IPA found for selector: phonetics (191005 bytes read) | backup/basic: HTTP 403 for https://www.collinsdictionary.com/dictionary/german-english/Bezeichnung | backup/browser: Browser fetch timed out for https://www.collinsdictionary.com/dictionary/german-english/Bezeichnung (title='English Translation of “BEZEICHNUNG” | Collins German-English Dictionary', bytes=199688)"
beziehen,verb,,"primary/basic: No IPA found for selector: phonetics (262118 bytes read) | backup/basic: HTTP 403 for https://www.collinsdictionary.com/dictionary/german-english/beziehen | backup/browser: Browser fetch timed out for https://www.collinsdictionary.com/dictionary/german-english/beziehen (title='English Translation of “BEZIEHEN” | Collins German-English Dictionary', bytes=228075)"
Bildschirm,noun,der,"primary/basic: No IPA found for selector: phonetics (198560 bytes read) | backup/basic: HTTP 403 for https://www.collinsdictionary.com/dictionary/german-english/Bildschirm | backup/browser: Browser fetch timed out for https://www.collinsdictionary.com/dictionary/german-english/Bildschirm (title='English Translation of “BILDSCHIRM” | Collins German-English Dictionary', bytes=386320)"
Bundeskanzler,noun,der,"primary/basic: No IPA found for selector: phonetics (175272 bytes read) | backup/basic: HTTP 403 for https://www.collinsdictionary.com/dictionary/german-english/Bundeskanzler | backup/browser: Browser fetch timed out for https://www.collinsdictionary.com/dictionary/german-english/Bundeskanzler (title='English Translation of “BUNDESKANZLER” | Collins German-English Dictionary', bytes=197683)"
Bundesland,noun,das,"primary/basic: No IPA found for selector: phonetics (160914 bytes read) | backup/basic: HTTP 403 for https://www.collinsdictionary.com/dictionary/german-english/Bundesland | backup/browser: Browser fetch timed out for https://www.collinsdictionary.com/dictionary/german-english/Bundesland (title='English Translation of “BUNDESLAND” | Collins German-English Dictionary', bytes=197626)"
Bundesliga,noun,die,"primary/basic: No IPA found for selector: phonetics (157107 bytes read) | backup/basic: HTTP 403 for https://www.collinsdictionary.com/dictionary/german-english/Bundesliga | backup/browser: Browser fetch timed out for https://www.collinsdictionary.com/dictionary/german-english/Bundesliga (title='English Translation of “BUNDESLIGA” | Collins German-English Dictionary', bytes=199669)"
Bundesregierung,noun,die,"primary/basic: No IPA found for selector: phonetics (153944 bytes read) | backup/basic: HTTP 403 for https://www.collinsdictionary.com/dictionary/german-english/Bundesregierung | backup/browser: Browser fetch timed out for https://www.collinsdictionary.com/dictionary/german-english/Bundesregierung (title='English Translation of “BUNDESREGIERUNG” | Collins German-English Dictionary', bytes=197721)"
Bundesrepublik,noun,die,"primary/basic: No IPA found for selector: phonetics (163547 bytes read) | backup/basic: HTTP 403 for https://www.collinsdictionary.com/dictionary/german-english/Bundesrepublik | backup/browser: Browser fetch timed out for https://www.collinsdictionary.com/dictionary/german-english/Bundesrepublik (title='English Translation of “BUNDESREPUBLIK” | Collins German-English Dictionary', bytes=371588)"
Bundeswehr,noun,die,"primary/basic: No IPA found for selector: phonetics (153954 bytes read) | backup/basic: HTTP 403 for https://www.collinsdictionary.com/dictionary/german-english/Bundeswehr | backup/browser: Browser fetch timed out for https://www.collinsdictionary.com/dictionary/german-english/Bundeswehr (title='English Translation of “BUNDESWEHR” | Collins German-English Dictionary', bytes=199662)"
danke,adverb,,"primary/basic: No IPA found for selector: phonetics (407939 bytes read) | backup/basic: HTTP 403 for https://www.collinsdictionary.com/dictionary/german-english/danke | backup/browser: Browser fetch timed out for https://www.collinsdictionary.com/dictionary/german-english/danke (title='English Translation of “DANKE” | Collins German-English Dictionary', bytes=197524)"
Darlehen,noun,das,"primary/basic: No IPA found for selector: phonetics (254475 bytes read) | backup/basic: HTTP 403 for https://www.collinsdictionary.com/dictionary/german-english/Darlehen | backup/browser: Browser fetch timed out for https://www.collinsdictionary.com/dictionary/german-english/Darlehen (title='English Translation of “DARLEHEN” | Collins German-English Dictionary', bytes=229951)"
das/die Weihnachten,noun,,"primary/basic: HTTP 404 for https://en.pons.com/translate/german-english/das/die%20Weihnachten | primary/browser: Browser fetch timed out for https://en.pons.com/translate/german-english/das/die%20Weihnachten (title='PONS', bytes=89173) | backup/basic: HTTP 403 for https://www.collinsdictionary.com/dictionary/german-english/das/die%20Weihnachten | backup/browser: Browser fetch timed out for https://www.collinsdictionary.com/dictionary/german-english/das/die%20Weihnachten (title='Collins English Dictionary | Page Not Found (404)', bytes=337825)"
Datenverarbeitung,noun,die,"primary/basic: No IPA found for selector: phonetics (167695 bytes read) | backup/basic: HTTP 403 for https://www.collinsdictionary.com/dictionary/german-english/Datenverarbeitung | backup/browser: Browser fetch timed out for https://www.collinsdictionary.com/dictionary/german-english/Datenverarbeitung (title='English Translation of “DATENVERARBEITUNG” | Collins German-English Dictionary', bytes=197954)"
dauerhaft,adjective,,"primary/basic: No IPA found for selector: phonetics (183986 bytes read) | backup/basic: HTTP 403 for https://www.collinsdictionary.com/dictionary/german-english/dauerhaft | backup/browser: Browser fetch timed out for https://www.collinsdictionary.com/dictionary/german-english/dauerhaft (title='English Translation of “DAUERHAFT” | Collins German-English Dictionary', bytes=400648)"
denkbar,adjective,,"primary/basic: No IPA found for selector: phonetics (183739 bytes read) | backup/basic: HTTP 403 for https://www.collinsdictionary.com/dictionary/german-english/denkbar | backup/browser: Browser fetch timed out for https://www.collinsdictionary.com/dictionary/german-english/denkbar (title='English Translation of “DENKBAR” | Collins German-English Dictionary', bytes=379095)"
der/das Grad,noun,,"primary/basic: HTTP 404 for https://en.pons.com/translate/german-english/der/das%20Grad | primary/browser: Browser fetch timed out for https://en.pons.com/translate/german-english/der/das%20Grad (title='PONS', bytes=137386) | backup/basic: HTTP 403 for https://www.collinsdictionary.com/dictionary/german-english/der/das%20Grad | backup/browser: Browser fetch timed out for https://www.collinsdictionary.com/dictionary/german-english/der/das%20Grad (title='Collins English Dictionary | Page Not Found (404)', bytes=338440)"
der/das Teil,noun,,"primary/basic: HTTP 404 for https://en.pons.com/translate/german-english/der/das%20Teil | primary/browser: Browser fetch timed out for https://en.pons.com/translate/german-english/der/das%20Teil (title='PONS', bytes=137143) | backup/basic: HTTP 403 for https://www.collinsdictionary.com/dictionary/german-english/der/das%20Teil | backup/browser: Browser fetch timed out for https://www.collinsdictionary.com/dictionary/german-english/der/das%20Teil (title='Collins English Dictionary | Page Not Found (404)', bytes=337826)"
die/das E-Mail,noun,,"primary/basic: HTTP 404 for https://en.pons.com/translate/german-english/die/das%20E-Mail | primary/browser: Browser fetch timed out for https://en.pons.com/translate/german-english/die/das%20E-Mail (title='PONS', bytes=137385) | backup/basic: HTTP 403 for https://www.collinsdictionary.com/dictionary/german-english/die/das%20E-Mail | backup/browser: Browser fetch timed out for https://www.collinsdictionary.com/dictionary/german-english/die/das%20E-Mail (title='Collins English Dictionary | Page Not Found (404)', bytes=131213)"
Dienstleistung,noun,die,"primary/basic: No IPA found for selector: phonetics (190107 bytes read) | backup/basic: HTTP 403 for https://www.collinsdictionary.com/dictionary/german-english/Dienstleistung | backup/browser: Browser fetch timed out for https://www.collinsdictionary.com/dictionary/german-english/Dienstleistung (title='English Translation of “DIENSTLEISTUNG” | Collins German-English Dictionary', bytes=368864)"
Differenzierung,noun,die,"primary/basic: No IPA found for selector: phonetics (131932 bytes read) | backup/basic: HTTP 403 for https://www.collinsdictionary.com/dictionary/german-english/Differenzierung | backup/browser: Browser fetch timed out for https://www.collinsdictionary.com/dictionary/german-english/Differenzierung (title='English Translation of “DIFFERENZIERUNG” | Collins German-English Dictionary', bytes=209902)"
Dunkelheit,noun,die,"primary/basic: No IPA found for selector: phonetics (370084 bytes read) | backup/basic: HTTP 403 for https://www.collinsdictionary.com/dictionary/german-english/Dunkelheit | backup/browser: Browser fetch timed out for https://www.collinsdictionary.com/dictionary/german-english/Dunkelheit (title='English Translation of “DUNKELHEIT” | Collins German-English Dictionary', bytes=199585)"
Durchführung,noun,die,"primary/basic: No IPA found for selector: phonetics (189117 bytes read) | backup/basic: HTTP 403 for https://www.collinsdictionary.com/dictionary/german-english/Durchf%C3%BChrung | backup/browser: Browser fetch timed out for https://www.collinsdictionary.com/dictionary/german-english/Durchf%C3%BChrung (title='Collins Online Dictionary | Definitions, Thesaurus and Translations', bytes=180856)"
Ehegatte,noun,der,"primary/basic: No IPA found for selector: phonetics (148905 bytes read) | backup/basic: HTTP 403 for https://www.collinsdictionary.com/dictionary/german-english/Ehegatte | backup/browser: Browser fetch timed out for https://www.collinsdictionary.com/dictionary/german-english/Ehegatte (title='English Translation of “EHEGATTE” | Collins German-English Dictionary', bytes=367931)"
Ehepaar,noun,das,"primary/basic: No IPA found for selector: phonetics (167276 bytes read) | backup/basic: HTTP 403 for https://www.collinsdictionary.com/dictionary/german-english/Ehepaar | backup/browser: Browser fetch timed out for https://www.collinsdictionary.com/dictionary/german-english/Ehepaar (title='English Translation of “EHEPAAR” | Collins German-English Dictionary', bytes=362493)"
einbauen,verb,,"primary/basic: No IPA found for selector: phonetics (186952 bytes read) | backup/basic: HTTP 403 for https://www.collinsdictionary.com/dictionary/german-english/einbauen | backup/browser: Browser fetch timed out for https://www.collinsdictionary.com/dictionary/german-english/einbauen (title='English Translation of “EINBAUEN” | Collins German-English Dictionary', bytes=199624)"
einbeziehen,verb,,"primary/basic: No IPA found for selector: phonetics (181677 bytes read) | backup/basic: HTTP 403 for https://www.collinsdictionary.com/dictionary/german-english/einbeziehen | backup/browser: Browser fetch timed out for https://www.collinsdictionary.com/dictionary/german-english/einbeziehen (title='English Translation of “EINBEZIEHEN” | Collins German-English Dictionary', bytes=197721)"
Einblick,noun,der,"primary/basic: No IPA found for selector: phonetics (191189 bytes read) | backup/basic: HTTP 403 for https://www.collinsdictionary.com/dictionary/german-english/Einblick | backup/browser: Browser fetch timed out for https://www.collinsdictionary.com/dictionary/german-english/Einblick (title='English Translation of “EINBLICK” | Collins German-English Dictionary', bytes=207726)"
einbringen,verb,,"primary/basic: No IPA found for selector: phonetics (224435 bytes read) | backup/basic: HTTP 403 for https://www.collinsdictionary.com/dictionary/german-english/einbringen | backup/browser: Browser fetch timed out for https://www.collinsdictionary.com/dictionary/german-english/einbringen (title='English Translation of “EINBRINGEN” | Collins German-English Dictionary', bytes=379597)"
eindringen,verb,,"primary/basic: No IPA found for selector: phonetics (206889 bytes read) | backup/basic: HTTP 403 for https://www.collinsdictionary.com/dictionary/german-english/eindringen | backup/browser: Browser fetch timed out for https://www.collinsdictionary.com/dictionary/german-english/eindringen (title='English Translation of “EINDRINGEN” | Collins German-English Dictionary', bytes=396022)"
einfallen,verb,,"primary/basic: No IPA found for selector: phonetics (226700 bytes read) | backup/basic: HTTP 403 for https://www.collinsdictionary.com/dictionary/german-english/einfallen | backup/browser: Browser fetch timed out for https://www.collinsdictionary.com/dictionary/german-english/einfallen (title='English Translation of “EINFALLEN” | Collins German-English Dictionary', bytes=197619)"
Einfluss,noun,der,"primary/basic: No IPA found for selector: phonetics (223604 bytes read) | backup/basic: HTTP 403 for https://www.collinsdictionary.com/dictionary/german-english/Einfluss | backup/browser: Browser fetch timed out for https://www.collinsdictionary.com/dictionary/german-english/Einfluss (title='English Translation of “EINFLUSS” | Collins German-English Dictionary', bytes=485724)"
einführen,verb,,"primary/basic: No IPA found for selector: phonetics (290491 bytes read) | backup/basic: HTTP 403 for https://www.collinsdictionary.com/dictionary/german-english/einf%C3%BChren | backup/browser: Browser fetch timed out for https://www.collinsdictionary.com/dictionary/german-english/einf%C3%BChren (title='English Translation of “EINFÜHREN” | Collins German-English Dictionary', bytes=396077)"
Einführung,noun,die,"primary/basic: No IPA found for selector: phonetics (195766 bytes read) | backup/basic: HTTP 403 for https://www.collinsdictionary.com/dictionary/german-english/Einf%C3%BChrung | backup/browser: Browser fetch timed out for https://www.collinsdictionary.com/dictionary/german-english/Einf%C3%BChrung (title='Collins Online Dictionary | Definitions, Thesaurus and Translations', bytes=303027)"
eingehen,verb,,"primary/basic: No IPA found for selector: phonetics (385723 bytes read) | backup/basic: HTTP 403 for https://www.collinsdictionary.com/dictionary/german-english/eingehen | backup/browser: Browser fetch timed out for https://www.collinsdictionary.com/dictionary/german-english/eingehen (title='English Translation of “EINGEHEN” | Collins German-English Dictionary', bytes=380285)"
eingreifen,verb,,"primary/basic: No IPA found for selector: phonetics (214226 bytes read) | backup/basic: HTTP 403 for https://www.collinsdictionary.com/dictionary/german-english/eingreifen | backup/browser: Browser fetch timed out for https://www.collinsdictionary.com/dictionary/german-english/eingreifen (title='English Translation of “EINGREIFEN” | Collins German-English Dictionary', bytes=385504)"
Eingriff,noun,der,"primary/basic: No IPA found for selector: phonetics (266452 bytes read) | backup/basic: HTTP 403 for https://www.collinsdictionary.com/dictionary/german-english/Eingriff | backup/browser: Browser fetch timed out for https://www.collinsdictionary.com/dictionary/german-english/Eingriff (title='English Translation of “EINGRIFF” | Collins German-English Dictionary', bytes=197783)"
einhalten,verb,,"primary/basic: No IPA found for selector: phonetics (209551 bytes read) | backup/basic: HTTP 403 for https://www.collinsdictionary.com/dictionary/german-english/einhalten | backup/browser: Browser fetch timed out for https://www.collinsdictionary.com/dictionary/german-english/einhalten (title='English Translation of “EINHALTEN” | Collins German-English Dictionary', bytes=383408)"
einholen,verb,,"primary/basic: No IPA found for selector: phonetics (207217 bytes read) | backup/basic: HTTP 403 for https://www.collinsdictionary.com/dictionary/german-english/einholen | backup/browser: Browser fetch timed out for https://www.collinsdictionary.com/dictionary/german-english/einholen (title='English Translation of “EINHOLEN” | Collins German-English Dictionary', bytes=375053)"
einigen,verb,,"primary/basic: No IPA found for selector: phonetics (269422 bytes read) | backup/basic: HTTP 403 for https://www.collinsdictionary.com/dictionary/german-english/einigen | backup/browser: Browser fetch timed out for https://www.collinsdictionary.com/dictionary/german-english/einigen (title='English Translation of “EINIGEN” | Collins German-English Dictionary', bytes=197569)"
Einigung,noun,die,"primary/basic: No IPA found for selector: phonetics (187010 bytes read) | backup/basic: HTTP 403 for https://www.collinsdictionary.com/dictionary/german-english/Einigung | backup/browser: Browser fetch timed out for https://www.collinsdictionary.com/dictionary/german-english/Einigung (title='English Translation of “EINIGUNG” | Collins German-English Dictionary', bytes=197665)"
einkaufen,verb,,"primary/basic: No IPA found for selector: phonetics (198627 bytes read) | backup/basic: HTTP 403 for https://www.collinsdictionary.com/dictionary/german-english/einkaufen | backup/browser: Browser fetch timed out for https://www.collinsdictionary.com/dictionary/german-english/einkaufen (title='English Translation of “EINKAUFEN” | Collins German-English Dictionary', bytes=197809)"
Einladung,noun,die,"primary/basic: No IPA found for selector: phonetics (177420 bytes read) | backup/basic: HTTP 403 for https://www.collinsdictionary.com/dictionary/german-english/Einladung | backup/browser: Browser fetch timed out for https://www.collinsdictionary.com/dictionary/german-english/Einladung (title='English Translation of “EINLADUNG” | Collins German-English Dictionary', bytes=197523)"
einlassen,verb,,"primary/basic: No IPA found for selector: phonetics (239483 bytes read) | backup/basic: HTTP 403 for https://www.collinsdictionary.com/dictionary/german-english/einlassen | backup/browser: Browser fetch timed out for https://www.collinsdictionary.com/dictionary/german-english/einlassen (title='English Translation of “EINLASSEN” | Collins German-English Dictionary', bytes=231909)"
einlegen,verb,,"primary/basic: No IPA found for selector: phonetics (284049 bytes read) | backup/basic: HTTP 403 for https://www.collinsdictionary.com/dictionary/german-english/einlegen | backup/browser: Browser fetch timed out for https://www.collinsdictionary.com/dictionary/german-english/einlegen (title='English Translation of “EINLEGEN” | Collins German-English Dictionary', bytes=278387)"
einleiten,verb,,"primary/basic: No IPA found for selector: phonetics (236513 bytes read) | backup/basic: HTTP 403 for https://www.collinsdictionary.com/dictionary/german-english/einleiten | backup/browser: Browser fetch timed out for https://www.collinsdictionary.com/dictionary/german-english/einleiten (title='English Translation of “EINLEITEN” | Collins German-English Dictionary', bytes=197620)"
Einnahmen,noun,die,"primary/basic: No IPA found for selector: phonetics (212345 bytes read) | backup/basic: HTTP 403 for https://www.collinsdictionary.com/dictionary/german-english/Einnahmen | backup/browser: Browser fetch timed out for https://www.collinsdictionary.com/dictionary/german-english/Einnahmen (title='English Translation of “EINNAHME” | Collins German-English Dictionary', bytes=197580)"
einnehmen,verb,,"primary/basic: No IPA found for selector: phonetics (280774 bytes read) | backup/basic: HTTP 403 for https://www.collinsdictionary.com/dictionary/german-english/einnehmen | backup/browser: Browser fetch timed out for https://www.collinsdictionary.com/dictionary/german-english/einnehmen (title='English Translation of “EINNEHMEN” | Collins German-English Dictionary', bytes=197627)"
einreichen,verb,,"primary/basic: No IPA found for selector: phonetics (218193 bytes read) | backup/basic: HTTP 403 for https://www.collinsdictionary.com/dictionary/german-english/einreichen | backup/browser: Browser fetch timed out for https://www.collinsdictionary.com/dictionary/german-english/einreichen (title='English Translation of “EINREICHEN” | Collins German-English Dictionary', bytes=197542)"
einrichten,verb,,"primary/basic: No IPA found for selector: phonetics (337381 bytes read) | backup/basic: HTTP 403 for https://www.collinsdictionary.com/dictionary/german-english/einrichten | backup/browser: Browser fetch timed out for https://www.collinsdictionary.com/dictionary/german-english/einrichten (title='English Translation of “EINRICHTEN” | Collins German-English Dictionary', bytes=199986)"
Einrichtung,noun,die,"primary/basic: No IPA found for selector: phonetics (247868 bytes read) | backup/basic: HTTP 403 for https://www.collinsdictionary.com/dictionary/german-english/Einrichtung | backup/browser: Browser fetch timed out for https://www.collinsdictionary.com/dictionary/german-english/Einrichtung (title='English Translation of “EINRICHTUNG” | Collins German-English Dictionary', bytes=381949)"
einräumen,verb,,"primary/basic: No IPA found for selector: phonetics (221975 bytes read) | backup/basic: HTTP 403 for https://www.collinsdictionary.com/dictionary/german-english/einr%C3%A4umen | backup/browser: Browser fetch timed out for https://www.collinsdictionary.com/dictionary/german-english/einr%C3%A4umen (title='English Translation of “EINRÄUMEN” | Collins German-English Dictionary', bytes=376925)"
Einsatz,noun,der,"primary/basic: No IPA found for selector: phonetics (316132 bytes read) | backup/basic: HTTP 403 for https://www.collinsdictionary.com/dictionary/german-english/Einsatz | backup/browser: Browser fetch timed out for https://www.collinsdictionary.com/dictionary/german-english/Einsatz (title='English Translation of “EINSATZ” | Collins German-English Dictionary', bytes=389850)"
einschalten,verb,,"primary/basic: No IPA found for selector: phonetics (239662 bytes read) | backup/basic: HTTP 403 for https://www.collinsdictionary.com/dictionary/german-english/einschalten | backup/browser: Browser fetch timed out for https://www.collinsdictionary.com/dictionary/german-english/einschalten (title='English Translation of “EINSCHALTEN” | Collins German-English Dictionary', bytes=197561)"
einschlafen,verb,,"primary/basic: No IPA found for selector: phonetics (226533 bytes read) | backup/basic: HTTP 403 for https://www.collinsdictionary.com/dictionary/german-english/einschlafen | backup/browser: Browser fetch timed out for https://www.collinsdictionary.com/dictionary/german-english/einschlafen (title='English Translation of “EINSCHLAFEN” | Collins German-English Dictionary', bytes=199667)"
einschlagen,verb,,"primary/basic: No IPA found for selector: phonetics (338913 bytes read) | backup/basic: HTTP 403 for https://www.collinsdictionary.com/dictionary/german-english/einschlagen | backup/browser: Browser fetch timed out for https://www.collinsdictionary.com/dictionary/german-english/einschlagen (title='English Translation of “EINSCHLAGEN” | Collins German-English Dictionary', bytes=390359)"
einschließen,verb,,"primary/basic: No IPA found for selector: phonetics (199352 bytes read) | backup/basic: HTTP 403 for https://www.collinsdictionary.com/dictionary/german-english/einschlie%C3%9Fen | backup/browser: Browser fetch timed out for https://www.collinsdictionary.com/dictionary/german-english/einschlie%C3%9Fen (title='English Translation of “EINSCHLIESSEN” | Collins German-English Dictionary', bytes=390167)"
Einschränkung,noun,die,"primary/basic: No IPA found for selector: phonetics (207643 bytes read) | backup/basic: HTTP 403 for https://www.collinsdictionary.com/dictionary/german-english/Einschr%C3%A4nkung | backup/browser: Browser fetch timed out for https://www.collinsdictionary.com/dictionary/german-english/Einschr%C3%A4nkung (title='Collins Online Dictionary | Definitions, Thesaurus and Translations', bytes=297330)"
einschätzen,verb,,"primary/basic: No IPA found for selector: phonetics (213812 bytes read) | backup/basic: HTTP 403 for https://www.collinsdictionary.com/dictionary/german-english/einsch%C3%A4tzen | backup/browser: Browser fetch timed out for https://www.collinsdictionary.com/dictionary/german-english/einsch%C3%A4tzen (title='English Translation of “EINSCHÄTZEN” | Collins German-English Dictionary', bytes=199681)"
Einschätzung,noun,die,"primary/basic: No IPA found for selector: phonetics (190964 bytes read) | backup/basic: HTTP 403 for https://www.collinsdictionary.com/dictionary/german-english/Einsch%C3%A4tzung | backup/browser: Browser fetch timed out for https://www.collinsdictionary.com/dictionary/german-english/Einsch%C3%A4tzung (title='Collins Online Dictionary | Definitions, Thesaurus and Translations', bytes=303652)"
einsehen,verb,,"primary/basic: No IPA found for selector: phonetics (242490 bytes read) | backup/basic: HTTP 403 for https://www.collinsdictionary.com/dictionary/german-english/einsehen | backup/browser: Browser fetch timed out for https://www.collinsdictionary.com/dictionary/german-english/einsehen (title='English Translation of “EINSEHEN” | Collins German-English Dictionary', bytes=199644)"
einsetzen,verb,,"primary/basic: No IPA found for selector: phonetics (523780 bytes read) | backup/basic: HTTP 403 for https://www.collinsdictionary.com/dictionary/german-english/einsetzen | backup/browser: Browser fetch timed out for https://www.collinsdictionary.com/dictionary/german-english/einsetzen (title='English Translation of “EINSETZEN” | Collins German-English Dictionary', bytes=199690)"
Einsicht,noun,die,"primary/basic: No IPA found for selector: phonetics (223592 bytes read) | backup/basic: HTTP 403 for https://www.collinsdictionary.com/dictionary/german-english/Einsicht | backup/browser: Browser fetch timed out for https://www.collinsdictionary.com/dictionary/german-english/Einsicht (title='English Translation of “EINSICHT” | Collins German-English Dictionary', bytes=369999)"
einsteigen,verb,,"primary/basic: No IPA found for selector: phonetics (216352 bytes read) | backup/basic: HTTP 403 for https://www.collinsdictionary.com/dictionary/german-english/einsteigen | backup/browser: Browser fetch timed out for https://www.collinsdictionary.com/dictionary/german-english/einsteigen (title='English Translation of “EINSTEIGEN” | Collins German-English Dictionary', bytes=197646)"
einstellen,verb,,"primary/basic: No IPA found for selector: phonetics (345306 bytes read) | backup/basic: HTTP 403 for https://www.collinsdictionary.com/dictionary/german-english/einstellen | backup/browser: Browser fetch timed out for https://www.collinsdictionary.com/dictionary/german-english/einstellen (title='English Translation of “EINSTELLEN” | Collins German-English Dictionary', bytes=402370)"
Einstellung,noun,die,"primary/basic: No IPA found for selector: phonetics (297121 bytes read) | backup/basic: HTTP 403 for https://www.collinsdictionary.com/dictionary/german-english/Einstellung | backup/browser: Browser fetch timed out for https://www.collinsdictionary.com/dictionary/german-english/Einstellung (title='English Translation of “EINSTELLUNG” | Collins German-English Dictionary', bytes=228135)"
eintragen,verb,,"primary/basic: No IPA found for selector: phonetics (224197 bytes read) | backup/basic: HTTP 403 for https://www.collinsdictionary.com/dictionary/german-english/eintragen | backup/browser: Browser fetch timed out for https://www.collinsdictionary.com/dictionary/german-english/eintragen (title='English Translation of “EINTRAGEN” | Collins German-English Dictionary', bytes=197704)"
Eintragung,noun,die,"primary/basic: No IPA found for selector: phonetics (187039 bytes read) | backup/basic: HTTP 403 for https://www.collinsdictionary.com/dictionary/german-english/Eintragung | backup/browser: Browser fetch timed out for https://www.collinsdictionary.com/dictionary/german-english/Eintragung (title='English Translation of “EINTRAGUNG” | Collins German-English Dictionary', bytes=207677)"
eintreffen,verb,,"primary/basic: No IPA found for selector: phonetics (194321 bytes read) | backup/basic: HTTP 403 for https://www.collinsdictionary.com/dictionary/german-english/eintreffen | backup/browser: Browser fetch timed out for https://www.collinsdictionary.com/dictionary/german-english/eintreffen (title='English Translation of “EINTREFFEN” | Collins German-English Dictionary', bytes=374066)"
eintreten,verb,,"primary/basic: No IPA found for selector: phonetics (297405 bytes read) | backup/basic: HTTP 403 for https://www.collinsdictionary.com/dictionary/german-english/eintreten | backup/browser: Browser fetch timed out for https://www.collinsdictionary.com/dictionary/german-english/eintreten (title='English Translation of “EINTRETEN” | Collins German-English Dictionary', bytes=228095)"
Eintritt,noun,der,"primary/basic: No IPA found for selector: phonetics (229791 bytes read) | backup/basic: HTTP 403 for https://www.collinsdictionary.com/dictionary/german-english/Eintritt | backup/browser: Browser fetch timed out for https://www.collinsdictionary.com/dictionary/german-english/Eintritt (title='English Translation of “EINTRITT” | Collins German-English Dictionary', bytes=387689)"
Einzelfall,noun,der,"primary/basic: No IPA found for selector: phonetics (174444 bytes read) | backup/basic: HTTP 403 for https://www.collinsdictionary.com/dictionary/german-english/Einzelfall | backup/browser: Browser fetch timed out for https://www.collinsdictionary.com/dictionary/german-english/Einzelfall (title='English Translation of “EINZELFALL” | Collins German-English Dictionary', bytes=370081)"
Einzelheit,noun,die,"primary/basic: No IPA found for selector: phonetics (178424 bytes read) | backup/basic: HTTP 403 for https://www.collinsdictionary.com/dictionary/german-english/Einzelheit | backup/browser: Browser fetch timed out for https://www.collinsdictionary.com/dictionary/german-english/Einzelheit (title='English Translation of “EINZELHEIT” | Collins German-English Dictionary', bytes=199648)"
einziehen,verb,,"primary/basic: No IPA found for selector: phonetics (387010 bytes read) | backup/basic: HTTP 403 for https://www.collinsdictionary.com/dictionary/german-english/einziehen | backup/browser: Browser fetch timed out for https://www.collinsdictionary.com/dictionary/german-english/einziehen (title='English Translation of “EINZIEHEN” | Collins German-English Dictionary', bytes=197647)"
emotional,adjective,,"primary/basic: No IPA found for selector: phonetics (157751 bytes read) | backup/basic: HTTP 403 for https://www.collinsdictionary.com/dictionary/german-english/emotional | backup/browser: Browser fetch timed out for https://www.collinsdictionary.com/dictionary/german-english/emotional (title='English Translation of “EMOTIONAL” | Collins German-English Dictionary', bytes=199587)"
Empfehlung,noun,die,"primary/basic: No IPA found for selector: phonetics (185402 bytes read) | backup/basic: HTTP 403 for https://www.collinsdictionary.com/dictionary/german-english/Empfehlung | backup/browser: Browser fetch timed out for https://www.collinsdictionary.com/dictionary/german-english/Empfehlung (title='English Translation of “EMPFEHLUNG” | Collins German-English Dictionary', bytes=207677)"
endgültig,adjective,,"primary/basic: No IPA found for selector: phonetics (195143 bytes read) | backup/basic: HTTP 403 for https://www.collinsdictionary.com/dictionary/german-english/endg%C3%BCltig | backup/browser: Browser fetch timed out for https://www.collinsdictionary.com/dictionary/german-english/endg%C3%BCltig (title='English Translation of “ENDGÜLTIG” | Collins German-English Dictionary', bytes=377338)"
endlos,adjective,,"primary/basic: No IPA found for selector: phonetics (193009 bytes read) | backup/basic: HTTP 403 for https://www.collinsdictionary.com/dictionary/german-english/endlos | backup/browser: Browser fetch timed out for https://www.collinsdictionary.com/dictionary/german-english/endlos (title='English Translation of “ENDLOS” | Collins German-English Dictionary', bytes=399676)"
entdecken,verb,,"primary/basic: No IPA found for selector: phonetics (196518 bytes read) | backup/basic: HTTP 403 for https://www.collinsdictionary.com/dictionary/german-english/entdecken | backup/browser: Browser fetch timed out for https://www.collinsdictionary.com/dictionary/german-english/entdecken (title='English Translation of “ENTDECKEN” | Collins German-English Dictionary', bytes=197607)"
Entdeckung,noun,die,"primary/basic: No IPA found for selector: phonetics (167682 bytes read) | backup/basic: HTTP 403 for https://www.collinsdictionary.com/dictionary/german-english/Entdeckung | backup/browser: Browser fetch timed out for https://www.collinsdictionary.com/dictionary/german-english/Entdeckung (title='English Translation of “ENTDECKUNG” | Collins German-English Dictionary', bytes=376480)"
entfallen,verb,,"primary/basic: No IPA found for selector: phonetics (224676 bytes read) | backup/basic: HTTP 403 for https://www.collinsdictionary.com/dictionary/german-english/entfallen | backup/browser: Browser fetch timed out for https://www.collinsdictionary.com/dictionary/german-english/entfallen (title='English Translation of “ENTFALLEN” | Collins German-English Dictionary', bytes=207745)"
entfalten,verb,,"primary/basic: No IPA found for selector: phonetics (210819 bytes read) | backup/basic: HTTP 403 for https://www.collinsdictionary.com/dictionary/german-english/entfalten | backup/browser: Browser fetch timed out for https://www.collinsdictionary.com/dictionary/german-english/entfalten (title='English Translation of “ENTFALTEN” | Collins German-English Dictionary', bytes=197600)"
Entfernung,noun,die,"primary/basic: No IPA found for selector: phonetics (222796 bytes read) | backup/basic: HTTP 403 for https://www.collinsdictionary.com/dictionary/german-english/Entfernung | backup/browser: Browser fetch timed out for https://www.collinsdictionary.com/dictionary/german-english/Entfernung (title='English Translation of “ENTFERNUNG” | Collins German-English Dictionary', bytes=197626)"
entgehen,verb,,"primary/basic: No IPA found for selector: phonetics (215102 bytes read) | backup/basic: HTTP 403 for https://www.collinsdictionary.com/dictionary/german-english/entgehen | backup/browser: Browser fetch timed out for https://www.collinsdictionary.com/dictionary/german-english/entgehen (title='English Translation of “ENTGEHEN” | Collins German-English Dictionary', bytes=197581)"
entlassen,verb,,"primary/basic: No IPA found for selector: phonetics (208083 bytes read) | backup/basic: HTTP 403 for https://www.collinsdictionary.com/dictionary/german-english/entlassen | backup/browser: Browser fetch timed out for https://www.collinsdictionary.com/dictionary/german-english/entlassen (title='English Translation of “ENTLASSEN” | Collins German-English Dictionary', bytes=197627)"
entnehmen,verb,,"primary/basic: No IPA found for selector: phonetics (204015 bytes read) | backup/basic: HTTP 403 for https://www.collinsdictionary.com/dictionary/german-english/entnehmen | backup/browser: Browser fetch timed out for https://www.collinsdictionary.com/dictionary/german-english/entnehmen (title='English Translation of “ENTNEHMEN” | Collins German-English Dictionary', bytes=228075)"
Entscheidung,noun,die,"primary/basic: No IPA found for selector: phonetics (255404 bytes read) | backup/basic: HTTP 403 for https://www.collinsdictionary.com/dictionary/german-english/Entscheidung | backup/browser: Browser fetch timed out for https://www.collinsdictionary.com/dictionary/german-english/Entscheidung (title='English Translation of “ENTSCHEIDUNG” | Collins German-English Dictionary', bytes=197663)"
entschließen,verb,,"primary/basic: No IPA found for selector: phonetics (197600 bytes read) | backup/basic: HTTP 403 for https://www.collinsdictionary.com/dictionary/german-english/entschlie%C3%9Fen | backup/browser: Browser fetch timed out for https://www.collinsdictionary.com/dictionary/german-english/entschlie%C3%9Fen (title='English Translation of “ENTSCHLIESSEN” | Collins German-English Dictionary', bytes=199726)"
Entschuldigung,noun,die,"primary/basic: No IPA found for selector: phonetics (223994 bytes read) | backup/basic: HTTP 403 for https://www.collinsdictionary.com/dictionary/german-english/Entschuldigung | backup/browser: Browser fetch timed out for https://www.collinsdictionary.com/dictionary/german-english/Entschuldigung (title='English Translation of “ENTSCHULDIGUNG” | Collins German-English Dictionary', bytes=492125)"
entspannen,verb,,"primary/basic: No IPA found for selector: phonetics (217711 bytes read) | backup/basic: HTTP 403 for https://www.collinsdictionary.com/dictionary/german-english/entspannen | backup/browser: Browser fetch timed out for https://www.collinsdictionary.com/dictionary/german-english/entspannen (title='English Translation of “ENTSPANNEN” | Collins German-English Dictionary', bytes=197542)"
entsprechen,verb,,"primary/basic: No IPA found for selector: phonetics (211602 bytes read) | backup/basic: HTTP 403 for https://www.collinsdictionary.com/dictionary/german-english/entsprechen | backup/browser: Browser fetch timed out for https://www.collinsdictionary.com/dictionary/german-english/entsprechen (title='English Translation of “ENTSPRECHEN” | Collins German-English Dictionary', bytes=197561)"
Entstehung,noun,die,"primary/basic: No IPA found for selector: phonetics (186114 bytes read) | backup/basic: HTTP 403 for https://www.collinsdictionary.com/dictionary/german-english/Entstehung | backup/browser: Browser fetch timed out for https://www.collinsdictionary.com/dictionary/german-english/Entstehung (title='English Translation of “ENTSTEHUNG” | Collins German-English Dictionary', bytes=199668)"
enttäuschen,verb,,"primary/basic: No IPA found for selector: phonetics (192048 bytes read) | backup/basic: HTTP 403 for https://www.collinsdictionary.com/dictionary/german-english/entt%C3%A4uschen | backup/browser: Browser fetch timed out for https://www.collinsdictionary.com/dictionary/german-english/entt%C3%A4uschen (title='English Translation of “ENTTÄUSCHEN” | Collins German-English Dictionary', bytes=199667)"
Enttäuschung,noun,die,"primary/basic: No IPA found for selector: phonetics (188938 bytes read) | backup/basic: HTTP 403 for https://www.collinsdictionary.com/dictionary/german-english/Entt%C3%A4uschung | backup/browser: Browser fetch timed out for https://www.collinsdictionary.com/dictionary/german-english/Entt%C3%A4uschung (title='Collins Online Dictionary | Definitions, Thesaurus and Translations', bytes=295856)"
entwerfen,verb,,"primary/basic: No IPA found for selector: phonetics (181426 bytes read) | backup/basic: HTTP 403 for https://www.collinsdictionary.com/dictionary/german-english/entwerfen | backup/browser: Browser fetch timed out for https://www.collinsdictionary.com/dictionary/german-english/entwerfen (title='English Translation of “ENTWERFEN” | Collins German-English Dictionary', bytes=207657)"
Entwicklung,noun,die,"primary/basic: No IPA found for selector: phonetics (260950 bytes read) | backup/basic: HTTP 403 for https://www.collinsdictionary.com/dictionary/german-english/Entwicklung | backup/browser: Browser fetch timed out for https://www.collinsdictionary.com/dictionary/german-english/Entwicklung (title='English Translation of “ENTWICKLUNG” | Collins German-English Dictionary', bytes=199681)"
Entwicklungsland,noun,das,"primary/basic: No IPA found for selector: phonetics (155186 bytes read) | backup/basic: HTTP 403 for https://www.collinsdictionary.com/dictionary/german-english/Entwicklungsland | backup/browser: Browser fetch timed out for https://www.collinsdictionary.com/dictionary/german-english/Entwicklungsland (title='English Translation of “ENTWICKLUNGSLAND” | Collins German-English Dictionary', bytes=207791)"
Entwurf,noun,der,"primary/basic: No IPA found for selector: phonetics (198468 bytes read) | backup/basic: HTTP 403 for https://www.collinsdictionary.com/dictionary/german-english/Entwurf | backup/browser: Browser fetch timed out for https://www.collinsdictionary.com/dictionary/german-english/Entwurf (title='English Translation of “ENTWURF” | Collins German-English Dictionary', bytes=391865)"
entziehen,verb,,"primary/basic: No IPA found for selector: phonetics (234479 bytes read) | backup/basic: HTTP 403 for https://www.collinsdictionary.com/dictionary/german-english/entziehen | backup/browser: Browser fetch timed out for https://www.collinsdictionary.com/dictionary/german-english/entziehen (title='English Translation of “ENTZIEHEN” | Collins German-English Dictionary', bytes=228095)"
erarbeiten,verb,,"primary/basic: No IPA found for selector: phonetics (169244 bytes read) | backup/basic: HTTP 403 for https://www.collinsdictionary.com/dictionary/german-english/erarbeiten | backup/browser: Browser fetch timed out for https://www.collinsdictionary.com/dictionary/german-english/erarbeiten (title='English Translation of “ERARBEITEN” | Collins German-English Dictionary', bytes=197626)"
erbringen,verb,,"primary/basic: No IPA found for selector: phonetics (186171 bytes read) | backup/basic: HTTP 403 for https://www.collinsdictionary.com/dictionary/german-english/erbringen | backup/browser: Browser fetch timed out for https://www.collinsdictionary.com/dictionary/german-english/erbringen (title='English Translation of “ERBRINGEN” | Collins German-English Dictionary', bytes=197607)"
Erfahrung,noun,die,"primary/basic: No IPA found for selector: phonetics (214087 bytes read) | backup/basic: HTTP 403 for https://www.collinsdictionary.com/dictionary/german-english/Erfahrung | backup/browser: Browser fetch timed out for https://www.collinsdictionary.com/dictionary/german-english/Erfahrung (title='English Translation of “ERFAHRUNG” | Collins German-English Dictionary', bytes=197607)"
erfassen,verb,,"primary/basic: No IPA found for selector: phonetics (216733 bytes read) | backup/basic: HTTP 403 for https://www.collinsdictionary.com/dictionary/german-english/erfassen | backup/browser: Browser fetch timed out for https://www.collinsdictionary.com/dictionary/german-english/erfassen (title='English Translation of “ERFASSEN” | Collins German-English Dictionary', bytes=197504)"
Erfassung,noun,die,"primary/basic: No IPA found for selector: phonetics (156062 bytes read) | backup/basic: HTTP 403 for https://www.collinsdictionary.com/dictionary/german-english/Erfassung | backup/browser: Browser fetch timed out for https://www.collinsdictionary.com/dictionary/german-english/Erfassung (title='English Translation of “ERFASSUNG” | Collins German-English Dictionary', bytes=207718)"
erfinden,verb,,"primary/basic: No IPA found for selector: phonetics (181839 bytes read) | backup/basic: HTTP 403 for https://www.collinsdictionary.com/dictionary/german-english/erfinden | backup/browser: Browser fetch timed out for https://www.collinsdictionary.com/dictionary/german-english/erfinden (title='English Translation of “ERFINDEN” | Collins German-English Dictionary', bytes=239982)"
Erfindung,noun,die,"primary/basic: No IPA found for selector: phonetics (203457 bytes read) | backup/basic: HTTP 403 for https://www.collinsdictionary.com/dictionary/german-english/Erfindung | backup/browser: Browser fetch timed out for https://www.collinsdictionary.com/dictionary/german-english/Erfindung (title='English Translation of “ERFINDUNG” | Collins German-English Dictionary', bytes=207658)"
erfolgen,verb,,"primary/basic: No IPA found for selector: phonetics (255474 bytes read) | backup/basic: HTTP 403 for https://www.collinsdictionary.com/dictionary/german-english/erfolgen | backup/browser: Browser fetch timed out for https://www.collinsdictionary.com/dictionary/german-english/erfolgen (title='English Translation of “ERFOLGEN” | Collins German-English Dictionary', bytes=197665)"
erfolgreich,adjective,,"primary/basic: No IPA found for selector: phonetics (160072 bytes read) | backup/basic: HTTP 403 for https://www.collinsdictionary.com/dictionary/german-english/erfolgreich | backup/browser: Browser fetch timed out for https://www.collinsdictionary.com/dictionary/german-english/erfolgreich (title='English Translation of “ERFOLGREICH” | Collins German-English Dictionary', bytes=197581)"
erfordern,verb,,"primary/basic: No IPA found for selector: phonetics (169103 bytes read) | backup/basic: HTTP 403 for https://www.collinsdictionary.com/dictionary/german-english/erfordern | backup/browser: Browser fetch timed out for https://www.collinsdictionary.com/dictionary/german-english/erfordern (title='English Translation of “ERFORDERN” | Collins German-English Dictionary', bytes=199643)"
erforschen,verb,,"primary/basic: No IPA found for selector: phonetics (179770 bytes read) | backup/basic: HTTP 403 for https://www.collinsdictionary.com/dictionary/german-english/erforschen | backup/browser: Browser fetch timed out for https://www.collinsdictionary.com/dictionary/german-english/erforschen (title='English Translation of “ERFORSCHEN” | Collins German-English Dictionary', bytes=207737)"
erfüllen,verb,,"primary/basic: No IPA found for selector: phonetics (228584 bytes read) | backup/basic: HTTP 403 for https://www.collinsdictionary.com/dictionary/german-english/erf%C3%BCllen | backup/browser: Browser fetch timed out for https://www.collinsdictionary.com/dictionary/german-english/erf%C3%BCllen (title='English Translation of “ERFÜLLEN” | Collins German-English Dictionary', bytes=199644)"
Erfüllung,noun,die,"primary/basic: No IPA found for selector: phonetics (224505 bytes read) | backup/basic: HTTP 403 for https://www.collinsdictionary.com/dictionary/german-english/Erf%C3%BCllung | backup/browser: Browser fetch timed out for https://www.collinsdictionary.com/dictionary/german-english/Erf%C3%BCllung (title='Collins Online Dictionary | Definitions, Thesaurus and Translations', bytes=134448)"
ergeben,verb,,"primary/basic: No IPA found for selector: phonetics (241685 bytes read) | backup/basic: HTTP 403 for https://www.collinsdictionary.com/dictionary/german-english/ergeben | backup/browser: Browser fetch timed out for https://www.collinsdictionary.com/dictionary/german-english/ergeben (title='English Translation of “ERGEBEN” | Collins German-English Dictionary', bytes=207640)"
ergreifen,verb,,"primary/basic: No IPA found for selector: phonetics (210971 bytes read) | backup/basic: HTTP 403 for https://www.collinsdictionary.com/dictionary/german-english/ergreifen | backup/browser: Browser fetch timed out for https://www.collinsdictionary.com/dictionary/german-english/ergreifen (title='English Translation of “ERGREIFEN” | Collins German-English Dictionary', bytes=197627)"
Erhaltung,noun,die,"primary/basic: No IPA found for selector: phonetics (163937 bytes read) | backup/basic: HTTP 403 for https://www.collinsdictionary.com/dictionary/german-english/Erhaltung | backup/browser: Browser fetch timed out for https://www.collinsdictionary.com/dictionary/german-english/Erhaltung (title='English Translation of “ERHALTUNG” | Collins German-English Dictionary', bytes=197607)"
erheben,verb,,"primary/basic: No IPA found for selector: phonetics (296158 bytes read) | backup/basic: HTTP 403 for https://www.collinsdictionary.com/dictionary/german-english/erheben | backup/browser: Browser fetch timed out for https://www.collinsdictionary.com/dictionary/german-english/erheben (title='English Translation of “ERHEBEN” | Collins German-English Dictionary', bytes=197791)"
erhoffen,verb,,"primary/basic: No IPA found for selector: phonetics (159750 bytes read) | backup/basic: HTTP 403 for https://www.collinsdictionary.com/dictionary/german-english/erhoffen | backup/browser: Browser fetch timed out for https://www.collinsdictionary.com/dictionary/german-english/erhoffen (title='English Translation of “ERHOFFEN” | Collins German-English Dictionary', bytes=207639)"
erholen,verb,,"primary/basic: No IPA found for selector: phonetics (203570 bytes read) | backup/basic: HTTP 403 for https://www.collinsdictionary.com/dictionary/german-english/erholen | backup/browser: Browser fetch timed out for https://www.collinsdictionary.com/dictionary/german-english/erholen (title='English Translation of “ERHOLEN” | Collins German-English Dictionary', bytes=197569)"
Erholung,noun,die,"primary/basic: No IPA found for selector: phonetics (186975 bytes read) | backup/basic: HTTP 403 for https://www.collinsdictionary.com/dictionary/german-english/Erholung | backup/browser: Browser fetch timed out for https://www.collinsdictionary.com/dictionary/german-english/Erholung (title='English Translation of “ERHOLUNG” | Collins German-English Dictionary', bytes=380807)"
Erhöhung,noun,die,"primary/basic: No IPA found for selector: phonetics (175225 bytes read) | backup/basic: HTTP 403 for https://www.collinsdictionary.com/dictionary/german-english/Erh%C3%B6hung | backup/browser: Browser fetch timed out for https://www.collinsdictionary.com/dictionary/german-english/Erh%C3%B6hung (title='Collins Online Dictionary | Definitions, Thesaurus and Translations', bytes=134643)"
Erinnerung,noun,die,"primary/basic: No IPA found for selector: phonetics (218930 bytes read) | backup/basic: HTTP 403 for https://www.collinsdictionary.com/dictionary/german-english/Erinnerung | backup/browser: Browser fetch timed out for https://www.collinsdictionary.com/dictionary/german-english/Erinnerung (title='English Translation of “ERINNERUNG” | Collins German-English Dictionary', bytes=399984)"
erkennbar,adjective,,"primary/basic: No IPA found for selector: phonetics (162753 bytes read) | backup/basic: HTTP 403 for https://www.collinsdictionary.com/dictionary/german-english/erkennbar | backup/browser: Browser fetch timed out for https://www.collinsdictionary.com/dictionary/german-english/erkennbar (title='English Translation of “ERKENNBAR” | Collins German-English Dictionary', bytes=200284)"
erkennen,verb,,"primary/basic: No IPA found for selector: phonetics (268063 bytes read) | backup/basic: HTTP 403 for https://www.collinsdictionary.com/dictionary/german-english/erkennen | backup/browser: Browser fetch timed out for https://www.collinsdictionary.com/dictionary/german-english/erkennen (title='English Translation of “ERKENNEN” | Collins German-English Dictionary', bytes=197628)"
Erklärung,noun,die,"primary/basic: No IPA found for selector: phonetics (229763 bytes read) | backup/basic: HTTP 403 for https://www.collinsdictionary.com/dictionary/german-english/Erkl%C3%A4rung | backup/browser: Browser fetch timed out for https://www.collinsdictionary.com/dictionary/german-english/Erkl%C3%A4rung (title='Collins Online Dictionary | Definitions, Thesaurus and Translations', bytes=295614)"
Erkrankung,noun,die,"primary/basic: No IPA found for selector: phonetics (188618 bytes read) | backup/basic: HTTP 403 for https://www.collinsdictionary.com/dictionary/german-english/Erkrankung | backup/browser: Browser fetch timed out for https://www.collinsdictionary.com/dictionary/german-english/Erkrankung (title='English Translation of “ERKRANKUNG” | Collins German-English Dictionary', bytes=369122)"
erlassen,verb,,"primary/basic: No IPA found for selector: phonetics (257121 bytes read) | backup/basic: HTTP 403 for https://www.collinsdictionary.com/dictionary/german-english/erlassen | backup/browser: Browser fetch timed out for https://www.collinsdictionary.com/dictionary/german-english/erlassen (title='English Translation of “ERLASSEN” | Collins German-English Dictionary', bytes=199624)"
erleben,verb,,"primary/basic: No IPA found for selector: phonetics (268842 bytes read) | backup/basic: HTTP 403 for https://www.collinsdictionary.com/dictionary/german-english/erleben | backup/browser: Browser fetch timed out for https://www.collinsdictionary.com/dictionary/german-english/erleben (title='English Translation of “ERLEBEN” | Collins German-English Dictionary', bytes=197645)"
erleiden,verb,,"primary/basic: No IPA found for selector: phonetics (206506 bytes read) | backup/basic: HTTP 403 for https://www.collinsdictionary.com/dictionary/german-english/erleiden | backup/browser: Browser fetch timed out for https://www.collinsdictionary.com/dictionary/german-english/erleiden (title='English Translation of “ERLEIDEN” | Collins German-English Dictionary', bytes=207638)"
erlernen,verb,,"primary/basic: No IPA found for selector: phonetics (170525 bytes read) | backup/basic: HTTP 403 for https://www.collinsdictionary.com/dictionary/german-english/erlernen | backup/browser: Browser fetch timed out for https://www.collinsdictionary.com/dictionary/german-english/erlernen (title='English Translation of “ERLERNEN” | Collins German-English Dictionary', bytes=199631)"
ermitteln,verb,,"primary/basic: No IPA found for selector: phonetics (211989 bytes read) | backup/basic: HTTP 403 for https://www.collinsdictionary.com/dictionary/german-english/ermitteln | backup/browser: Browser fetch timed out for https://www.collinsdictionary.com/dictionary/german-english/ermitteln (title='English Translation of “ERMITTELN” | Collins German-English Dictionary', bytes=197523)"
Ermittlung,noun,die,"primary/basic: No IPA found for selector: phonetics (166151 bytes read) | backup/basic: HTTP 403 for https://www.collinsdictionary.com/dictionary/german-english/Ermittlung | backup/browser: Browser fetch timed out for https://www.collinsdictionary.com/dictionary/german-english/Ermittlung (title='English Translation of “ERMITTLUNG” | Collins German-English Dictionary', bytes=257716)"
ernsthaft,adjective,,"primary/basic: No IPA found for selector: phonetics (179537 bytes read) | backup/basic: HTTP 403 for https://www.collinsdictionary.com/dictionary/german-english/ernsthaft | backup/browser: Browser fetch timed out for https://www.collinsdictionary.com/dictionary/german-english/ernsthaft (title='English Translation of “ERNSTHAFT” | Collins German-English Dictionary', bytes=207738)"
Ernährung,noun,die,"primary/basic: No IPA found for selector: phonetics (199683 bytes read) | backup/basic: HTTP 403 for https://www.collinsdictionary.com/dictionary/german-english/Ern%C3%A4hrung | backup/browser: Browser fetch timed out for https://www.collinsdictionary.com/dictionary/german-english/Ern%C3%A4hrung (title='Collins Online Dictionary | Definitions, Thesaurus and Translations', bytes=136407)"
erregen,verb,,"primary/basic: No IPA found for selector: phonetics (202046 bytes read) | backup/basic: HTTP 403 for https://www.collinsdictionary.com/dictionary/german-english/erregen | backup/browser: Browser fetch timed out for https://www.collinsdictionary.com/dictionary/german-english/erregen (title='English Translation of “ERREGEN” | Collins German-English Dictionary', bytes=197589)"
Erreger,noun,der,"primary/basic: No IPA found for selector: phonetics (159486 bytes read) | backup/basic: HTTP 403 for https://www.collinsdictionary.com/dictionary/german-english/Erreger | backup/browser: Browser fetch timed out for https://www.collinsdictionary.com/dictionary/german-english/Erreger (title='English Translation of “ERREGER” | Collins German-English Dictionary', bytes=207600)"
erreichbar,adjective,,"primary/basic: No IPA found for selector: phonetics (168594 bytes read) | backup/basic: HTTP 403 for https://www.collinsdictionary.com/dictionary/german-english/erreichbar | backup/browser: Browser fetch timed out for https://www.collinsdictionary.com/dictionary/german-english/erreichbar (title='English Translation of “ERREICHBAR” | Collins German-English Dictionary', bytes=197626)"
erreichen,verb,,"primary/basic: No IPA found for selector: phonetics (252455 bytes read) | backup/basic: HTTP 403 for https://www.collinsdictionary.com/dictionary/german-english/erreichen | backup/browser: Browser fetch timed out for https://www.collinsdictionary.com/dictionary/german-english/erreichen (title='English Translation of “ERREICHEN” | Collins German-English Dictionary', bytes=197543)"
errichten,verb,,"primary/basic: No IPA found for selector: phonetics (203166 bytes read) | backup/basic: HTTP 403 for https://www.collinsdictionary.com/dictionary/german-english/errichten | backup/browser: Browser fetch timed out for https://www.collinsdictionary.com/dictionary/german-english/errichten (title='English Translation of “ERRICHTEN” | Collins German-English Dictionary', bytes=197607)"
erscheinen,verb,,"primary/basic: No IPA found for selector: phonetics (280647 bytes read) | backup/basic: HTTP 403 for https://www.collinsdictionary.com/dictionary/german-english/erscheinen | backup/browser: Browser fetch timed out for https://www.collinsdictionary.com/dictionary/german-english/erscheinen (title='English Translation of “ERSCHEINEN” | Collins German-English Dictionary', bytes=197639)"
Erscheinung,noun,die,"primary/basic: No IPA found for selector: phonetics (189055 bytes read) | backup/basic: HTTP 403 for https://www.collinsdictionary.com/dictionary/german-english/Erscheinung | backup/browser: Browser fetch timed out for https://www.collinsdictionary.com/dictionary/german-english/Erscheinung (title='English Translation of “ERSCHEINUNG” | Collins German-English Dictionary', bytes=378056)"
erschießen,verb,,"primary/basic: No IPA found for selector: phonetics (185531 bytes read) | backup/basic: HTTP 403 for https://www.collinsdictionary.com/dictionary/german-english/erschie%C3%9Fen | backup/browser: Browser fetch timed out for https://www.collinsdictionary.com/dictionary/german-english/erschie%C3%9Fen (title='English Translation of “ERSCHIESSEN” | Collins German-English Dictionary', bytes=197645)"
erschließen,verb,,"primary/basic: No IPA found for selector: phonetics (198672 bytes read) | backup/basic: HTTP 403 for https://www.collinsdictionary.com/dictionary/german-english/erschlie%C3%9Fen | backup/browser: Browser fetch timed out for https://www.collinsdictionary.com/dictionary/german-english/erschlie%C3%9Fen (title='English Translation of “ERSCHLIESSEN” | Collins German-English Dictionary', bytes=199686)"
erschrecken,verb,,"primary/basic: No IPA found for selector: phonetics (206887 bytes read) | backup/basic: HTTP 403 for https://www.collinsdictionary.com/dictionary/german-english/erschrecken | backup/browser: Browser fetch timed out for https://www.collinsdictionary.com/dictionary/german-english/erschrecken (title='English Translation of “ERSCHRECKEN” | Collins German-English Dictionary', bytes=199721)"
ersetzen,verb,,"primary/basic: No IPA found for selector: phonetics (188726 bytes read) | backup/basic: HTTP 403 for https://www.collinsdictionary.com/dictionary/german-english/ersetzen | backup/browser: Browser fetch timed out for https://www.collinsdictionary.com/dictionary/german-english/ersetzen (title='English Translation of “ERSETZEN” | Collins German-English Dictionary', bytes=207638)"
ersparen,verb,,"primary/basic: No IPA found for selector: phonetics (194180 bytes read) | backup/basic: HTTP 403 for https://www.collinsdictionary.com/dictionary/german-english/ersparen | backup/browser: Browser fetch timed out for https://www.collinsdictionary.com/dictionary/german-english/ersparen (title='English Translation of “ERSPAREN” | Collins German-English Dictionary', bytes=197581)"
erstaunen,verb,,"primary/basic: No IPA found for selector: phonetics (207051 bytes read) | backup/basic: HTTP 403 for https://www.collinsdictionary.com/dictionary/german-english/erstaunen | backup/browser: Browser fetch timed out for https://www.collinsdictionary.com/dictionary/german-english/erstaunen (title='English Translation of “ERSTAUNEN” | Collins German-English Dictionary', bytes=199649)"
"erste (r, s)",adjective,,"primary/basic: No IPA found for selector: phonetics (116936 bytes read) | backup/basic: HTTP 403 for https://www.collinsdictionary.com/dictionary/german-english/erste%20%28r%2C%20s%29 | backup/browser: Browser fetch timed out for https://www.collinsdictionary.com/dictionary/german-english/erste%20%28r%2C%20s%29 (title='Collins Online Dictionary | Definitions, Thesaurus and Translations', bytes=156669)"
erstellen,verb,,"primary/basic: No IPA found for selector: phonetics (192503 bytes read) | backup/basic: HTTP 403 for https://www.collinsdictionary.com/dictionary/german-english/erstellen | backup/browser: Browser fetch timed out for https://www.collinsdictionary.com/dictionary/german-english/erstellen (title='English Translation of “ERSTELLEN” | Collins German-English Dictionary', bytes=197606)"
erteilen,verb,,"primary/basic: No IPA found for selector: phonetics (193914 bytes read) | backup/basic: HTTP 403 for https://www.collinsdictionary.com/dictionary/german-english/erteilen | backup/browser: Browser fetch timed out for https://www.collinsdictionary.com/dictionary/german-english/erteilen (title='English Translation of “ERTEILEN” | Collins German-English Dictionary', bytes=197665)"
ertragen,verb,,"primary/basic: No IPA found for selector: phonetics (185588 bytes read) | backup/basic: HTTP 403 for https://www.collinsdictionary.com/dictionary/german-english/ertragen | backup/browser: Browser fetch timed out for https://www.collinsdictionary.com/dictionary/german-english/ertragen (title='English Translation of “ERTRAGEN” | Collins German-English Dictionary', bytes=197783)"
erwachen,verb,,"primary/basic: No IPA found for selector: phonetics (206258 bytes read) | backup/basic: HTTP 403 for https://www.collinsdictionary.com/dictionary/german-english/erwachen | backup/browser: Browser fetch timed out for https://www.collinsdictionary.com/dictionary/german-english/erwachen (title='English Translation of “ERWACHEN” | Collins German-English Dictionary', bytes=199624)"
Erwachsene,noun,der/die,"primary/basic: No IPA found for selector: phonetics (173664 bytes read) | backup/basic: HTTP 403 for https://www.collinsdictionary.com/dictionary/german-english/Erwachsene | backup/browser: Browser fetch timed out for https://www.collinsdictionary.com/dictionary/german-english/Erwachsene (title='English Translation of “ERWACHSENE” | Collins German-English Dictionary', bytes=199669)"
Erwartung,noun,die,"primary/basic: No IPA found for selector: phonetics (216455 bytes read) | backup/basic: HTTP 403 for https://www.collinsdictionary.com/dictionary/german-english/Erwartung | backup/browser: Browser fetch timed out for https://www.collinsdictionary.com/dictionary/german-english/Erwartung (title='English Translation of “ERWARTUNG” | Collins German-English Dictionary', bytes=207825)"
erweisen,verb,,"primary/basic: No IPA found for selector: phonetics (218143 bytes read) | backup/basic: HTTP 403 for https://www.collinsdictionary.com/dictionary/german-english/erweisen | backup/browser: Browser fetch timed out for https://www.collinsdictionary.com/dictionary/german-english/erweisen (title='English Translation of “ERWEISEN” | Collins German-English Dictionary', bytes=207719)"
Erweiterung,noun,die,"primary/basic: No IPA found for selector: phonetics (172939 bytes read) | backup/basic: HTTP 403 for https://www.collinsdictionary.com/dictionary/german-english/Erweiterung | backup/browser: Browser fetch timed out for https://www.collinsdictionary.com/dictionary/german-english/Erweiterung (title='English Translation of “ERWEITERUNG” | Collins German-English Dictionary', bytes=470315)"
erwähnen,verb,,"primary/basic: No IPA found for selector: phonetics (182911 bytes read) | backup/basic: HTTP 403 for https://www.collinsdictionary.com/dictionary/german-english/erw%C3%A4hnen | backup/browser: Browser fetch timed out for https://www.collinsdictionary.com/dictionary/german-english/erw%C3%A4hnen (title='English Translation of “ERWÄHNEN” | Collins German-English Dictionary', bytes=197588)"
erzeugen,verb,,"primary/basic: No IPA found for selector: phonetics (196574 bytes read) | backup/basic: HTTP 403 for https://www.collinsdictionary.com/dictionary/german-english/erzeugen | backup/browser: Browser fetch timed out for https://www.collinsdictionary.com/dictionary/german-english/erzeugen (title='English Translation of “ERZEUGEN” | Collins German-English Dictionary', bytes=197504)"
Erziehung,noun,die,"primary/basic: No IPA found for selector: phonetics (201727 bytes read) | backup/basic: HTTP 403 for https://www.collinsdictionary.com/dictionary/german-english/Erziehung | backup/browser: Browser fetch timed out for https://www.collinsdictionary.com/dictionary/german-english/Erziehung (title='English Translation of “ERZIEHUNG” | Collins German-English Dictionary', bytes=197684)"
erzählen,verb,,"primary/basic: No IPA found for selector: phonetics (239058 bytes read) | backup/basic: HTTP 403 for https://www.collinsdictionary.com/dictionary/german-english/erz%C3%A4hlen | backup/browser: Browser fetch timed out for https://www.collinsdictionary.com/dictionary/german-english/erz%C3%A4hlen (title='English Translation of “ERZÄHLEN” | Collins German-English Dictionary', bytes=197628)"
Erzählung,noun,die,"primary/basic: No IPA found for selector: phonetics (176879 bytes read) | backup/basic: HTTP 403 for https://www.collinsdictionary.com/dictionary/german-english/Erz%C3%A4hlung | backup/browser: Browser fetch timed out for https://www.collinsdictionary.com/dictionary/german-english/Erz%C3%A4hlung (title='Collins Online Dictionary | Definitions, Thesaurus and Translations', bytes=134441)"
eröffnen,verb,,"primary/basic: No IPA found for selector: phonetics (231640 bytes read) | backup/basic: HTTP 403 for https://www.collinsdictionary.com/dictionary/german-english/er%C3%B6ffnen | backup/browser: Browser fetch timed out for https://www.collinsdictionary.com/dictionary/german-english/er%C3%B6ffnen (title='English Translation of “ERÖFFNEN” | Collins German-English Dictionary', bytes=199651)"
Eröffnung,noun,die,"primary/basic: No IPA found for selector: phonetics (213112 bytes read) | backup/basic: HTTP 403 for https://www.collinsdictionary.com/dictionary/german-english/Er%C3%B6ffnung | backup/browser: Browser fetch timed out for https://www.collinsdictionary.com/dictionary/german-english/Er%C3%B6ffnung (title='Collins Online Dictionary | Definitions, Thesaurus and Translations', bytes=302676)"
Fachbereich,noun,der,"primary/basic: No IPA found for selector: phonetics (145319 bytes read) | backup/basic: HTTP 403 for https://www.collinsdictionary.com/dictionary/german-english/Fachbereich | backup/browser: Browser fetch timed out for https://www.collinsdictionary.com/dictionary/german-english/Fachbereich (title='English Translation of “FACHBEREICH” | Collins German-English Dictionary', bytes=199688)"
Fachhochschule,noun,die,"primary/basic: No IPA found for selector: phonetics (147915 bytes read) | backup/basic: HTTP 403 for https://www.collinsdictionary.com/dictionary/german-english/Fachhochschule | backup/browser: Browser fetch timed out for https://www.collinsdictionary.com/dictionary/german-english/Fachhochschule (title='English Translation of “FACHHOCHSCHULE” | Collins German-English Dictionary', bytes=199745)"
Fachleute,noun,die,"primary/basic: No IPA found for selector: phonetics (166068 bytes read) | backup/basic: HTTP 403 for https://www.collinsdictionary.com/dictionary/german-english/Fachleute | backup/browser: Browser fetch timed out for https://www.collinsdictionary.com/dictionary/german-english/Fachleute (title='English Translation of “FACHMANN” | Collins German-English Dictionary', bytes=430249)"
fachlich,adjective,,"primary/basic: No IPA found for selector: phonetics (179917 bytes read) | backup/basic: HTTP 403 for https://www.collinsdictionary.com/dictionary/german-english/fachlich | backup/browser: Browser fetch timed out for https://www.collinsdictionary.com/dictionary/german-english/fachlich (title='English Translation of “FACHLICH” | Collins German-English Dictionary', bytes=199631)"
Fahrzeug,noun,das,"primary/basic: No IPA found for selector: phonetics (233114 bytes read) | backup/basic: HTTP 403 for https://www.collinsdictionary.com/dictionary/german-english/Fahrzeug | backup/browser: Browser fetch timed out for https://www.collinsdictionary.com/dictionary/german-english/Fahrzeug (title='English Translation of “FAHRZEUG” | Collins German-English Dictionary', bytes=197664)"
Felsen,noun,der,"primary/basic: No IPA found for selector: phonetics (180876 bytes read) | backup/basic: HTTP 403 for https://www.collinsdictionary.com/dictionary/german-english/Felsen | backup/browser: Browser fetch timed out for https://www.collinsdictionary.com/dictionary/german-english/Felsen (title='English Translation of “FELSEN” | Collins German-English Dictionary', bytes=197550)"
Fernseher,noun,der,"primary/basic: No IPA found for selector: phonetics (172717 bytes read) | backup/basic: HTTP 403 for https://www.collinsdictionary.com/dictionary/german-english/Fernseher | backup/browser: Browser fetch timed out for https://www.collinsdictionary.com/dictionary/german-english/Fernseher (title='English Translation of “FERNSEHER” | Collins German-English Dictionary', bytes=207657)"
festhalten,verb,,"primary/basic: No IPA found for selector: phonetics (229647 bytes read) | backup/basic: HTTP 403 for https://www.collinsdictionary.com/dictionary/german-english/festhalten | backup/browser: Browser fetch timed out for https://www.collinsdictionary.com/dictionary/german-english/festhalten (title='English Translation of “FESTHALTEN” | Collins German-English Dictionary', bytes=197582)"
festlegen,verb,,"primary/basic: No IPA found for selector: phonetics (212219 bytes read) | backup/basic: HTTP 403 for https://www.collinsdictionary.com/dictionary/german-english/festlegen | backup/browser: Browser fetch timed out for https://www.collinsdictionary.com/dictionary/german-english/festlegen (title='English Translation of “FESTLEGEN” | Collins German-English Dictionary', bytes=379375)"
festnehmen,verb,,"primary/basic: No IPA found for selector: phonetics (186291 bytes read) | backup/basic: HTTP 403 for https://www.collinsdictionary.com/dictionary/german-english/festnehmen | backup/browser: Browser fetch timed out for https://www.collinsdictionary.com/dictionary/german-english/festnehmen (title='English Translation of “FESTNEHMEN” | Collins German-English Dictionary', bytes=207677)"
festsetzen,verb,,"primary/basic: No IPA found for selector: phonetics (189576 bytes read) | backup/basic: HTTP 403 for https://www.collinsdictionary.com/dictionary/german-english/festsetzen | backup/browser: Browser fetch timed out for https://www.collinsdictionary.com/dictionary/german-english/festsetzen (title='English Translation of “FESTSETZEN” | Collins German-English Dictionary', bytes=380756)"
feststellen,verb,,"primary/basic: No IPA found for selector: phonetics (220894 bytes read) | backup/basic: HTTP 403 for https://www.collinsdictionary.com/dictionary/german-english/feststellen | backup/browser: Browser fetch timed out for https://www.collinsdictionary.com/dictionary/german-english/feststellen (title='English Translation of “FESTSTELLEN” | Collins German-English Dictionary', bytes=197665)"
Feststellung,noun,die,"primary/basic: No IPA found for selector: phonetics (222772 bytes read) | backup/basic: HTTP 403 for https://www.collinsdictionary.com/dictionary/german-english/Feststellung | backup/browser: Browser fetch timed out for https://www.collinsdictionary.com/dictionary/german-english/Feststellung (title='English Translation of “FESTSTELLUNG” | Collins German-English Dictionary', bytes=197684)"
Feuerwehr,noun,die,"primary/basic: No IPA found for selector: phonetics (189343 bytes read) | backup/basic: HTTP 403 for https://www.collinsdictionary.com/dictionary/german-english/Feuerwehr | backup/browser: Browser fetch timed out for https://www.collinsdictionary.com/dictionary/german-english/Feuerwehr (title='English Translation of “FEUERWEHR” | Collins German-English Dictionary', bytes=197607)"
Finanzierung,noun,die,"primary/basic: No IPA found for selector: phonetics (202812 bytes read) | backup/basic: HTTP 403 for https://www.collinsdictionary.com/dictionary/german-english/Finanzierung | backup/browser: Browser fetch timed out for https://www.collinsdictionary.com/dictionary/german-english/Finanzierung (title='English Translation of “FINANZIERUNG” | Collins German-English Dictionary', bytes=207714)"
fließend,adjective,,"primary/basic: No IPA found for selector: phonetics (228827 bytes read) | backup/basic: HTTP 403 for https://www.collinsdictionary.com/dictionary/german-english/flie%C3%9Fend | backup/browser: Browser fetch timed out for https://www.collinsdictionary.com/dictionary/german-english/flie%C3%9Fend (title='English Translation of “FLIESSEND” | Collins German-English Dictionary', bytes=199643)"
Fluggesellschaft,noun,die,"primary/basic: No IPA found for selector: phonetics (154596 bytes read) | backup/basic: HTTP 403 for https://www.collinsdictionary.com/dictionary/german-english/Fluggesellschaft | backup/browser: Browser fetch timed out for https://www.collinsdictionary.com/dictionary/german-english/Fluggesellschaft (title='English Translation of “FLUGGESELLSCHAFT” | Collins German-English Dictionary', bytes=228068)"
Flughafen,noun,der,"primary/basic: No IPA found for selector: phonetics (176085 bytes read) | backup/basic: HTTP 403 for https://www.collinsdictionary.com/dictionary/german-english/Flughafen | backup/browser: Browser fetch timed out for https://www.collinsdictionary.com/dictionary/german-english/Flughafen (title='English Translation of “FLUGHAFEN” | Collins German-English Dictionary', bytes=197802)"
Flugzeug,noun,das,"primary/basic: No IPA found for selector: phonetics (187216 bytes read) | backup/basic: HTTP 403 for https://www.collinsdictionary.com/dictionary/german-english/Flugzeug | backup/browser: Browser fetch timed out for https://www.collinsdictionary.com/dictionary/german-english/Flugzeug (title='English Translation of “FLUGZEUG” | Collins German-English Dictionary', bytes=391361)"
Flüssigkeit,noun,die,"primary/basic: No IPA found for selector: phonetics (192213 bytes read) | backup/basic: HTTP 403 for https://www.collinsdictionary.com/dictionary/german-english/Fl%C3%BCssigkeit | backup/browser: Browser fetch timed out for https://www.collinsdictionary.com/dictionary/german-english/Fl%C3%BCssigkeit (title='Collins Online Dictionary | Definitions, Thesaurus and Translations', bytes=134448)"
Forderung,noun,die,"primary/basic: No IPA found for selector: phonetics (294381 bytes read) | backup/basic: HTTP 403 for https://www.collinsdictionary.com/dictionary/german-english/Forderung | backup/browser: Browser fetch timed out for https://www.collinsdictionary.com/dictionary/german-english/Forderung (title='English Translation of “FORDERUNG” | Collins German-English Dictionary', bytes=197551)"
Formulierung,noun,die,"primary/basic: No IPA found for selector: phonetics (166120 bytes read) | backup/basic: HTTP 403 for https://www.collinsdictionary.com/dictionary/german-english/Formulierung | backup/browser: Browser fetch timed out for https://www.collinsdictionary.com/dictionary/german-english/Formulierung (title='English Translation of “FORMULIERUNG” | Collins German-English Dictionary', bytes=209757)"
Forscher,noun,der,"primary/basic: No IPA found for selector: phonetics (173508 bytes read) | backup/basic: HTTP 403 for https://www.collinsdictionary.com/dictionary/german-english/Forscher | backup/browser: Browser fetch timed out for https://www.collinsdictionary.com/dictionary/german-english/Forscher (title='English Translation of “FORSCHER” | Collins German-English Dictionary', bytes=197587)"
Forschung,noun,die,"primary/basic: No IPA found for selector: phonetics (186748 bytes read) | backup/basic: HTTP 403 for https://www.collinsdictionary.com/dictionary/german-english/Forschung | backup/browser: Browser fetch timed out for https://www.collinsdictionary.com/dictionary/german-english/Forschung (title='English Translation of “FORSCHUNG” | Collins German-English Dictionary', bytes=197523)"
fortsetzen,verb,,"primary/basic: No IPA found for selector: phonetics (183405 bytes read) | backup/basic: HTTP 403 for https://www.collinsdictionary.com/dictionary/german-english/fortsetzen | backup/browser: Browser fetch timed out for https://www.collinsdictionary.com/dictionary/german-english/fortsetzen (title='English Translation of “FORTSETZEN” | Collins German-English Dictionary', bytes=207824)"
Fragestellung,noun,die,"primary/basic: No IPA found for selector: phonetics (143708 bytes read) | backup/basic: HTTP 403 for https://www.collinsdictionary.com/dictionary/german-english/Fragestellung | backup/browser: Browser fetch timed out for https://www.collinsdictionary.com/dictionary/german-english/Fragestellung (title='English Translation of “FRAGESTELLUNG” | Collins German-English Dictionary', bytes=371679)"
freigeben,verb,,"primary/basic: No IPA found for selector: phonetics (209637 bytes read) | backup/basic: HTTP 403 for https://www.collinsdictionary.com/dictionary/german-english/freigeben | backup/browser: Browser fetch timed out for https://www.collinsdictionary.com/dictionary/german-english/freigeben (title='English Translation of “FREIGEBEN” | Collins German-English Dictionary', bytes=197802)"
Freizeit,noun,die,"primary/basic: No IPA found for selector: phonetics (185119 bytes read) | backup/basic: HTTP 403 for https://www.collinsdictionary.com/dictionary/german-english/Freizeit | backup/browser: Browser fetch timed out for https://www.collinsdictionary.com/dictionary/german-english/Freizeit (title='English Translation of “FREIZEIT” | Collins German-English Dictionary', bytes=207659)"
Fremdsprache,noun,die,"primary/basic: No IPA found for selector: phonetics (160972 bytes read) | backup/basic: HTTP 403 for https://www.collinsdictionary.com/dictionary/german-english/Fremdsprache | backup/browser: Browser fetch timed out for https://www.collinsdictionary.com/dictionary/german-english/Fremdsprache (title='English Translation of “FREMDSPRACHE” | Collins German-English Dictionary', bytes=371513)"
Freundin,noun,die,"primary/basic: No IPA found for selector: phonetics (265728 bytes read) | backup/basic: HTTP 403 for https://www.collinsdictionary.com/dictionary/german-english/Freundin | backup/browser: Browser fetch timed out for https://www.collinsdictionary.com/dictionary/german-english/Freundin (title='English Translation of “-FREUNDIN” | Collins German-English Dictionary', bytes=197795)"
Freundschaft,noun,die,"primary/basic: No IPA found for selector: phonetics (213180 bytes read) | backup/basic: HTTP 403 for https://www.collinsdictionary.com/dictionary/german-english/Freundschaft | backup/browser: Browser fetch timed out for https://www.collinsdictionary.com/dictionary/german-english/Freundschaft (title='English Translation of “FREUNDSCHAFT” | Collins German-English Dictionary', bytes=197580)"
furchtbar,adjective,,"primary/basic: No IPA found for selector: phonetics (199278 bytes read) | backup/basic: HTTP 403 for https://www.collinsdictionary.com/dictionary/german-english/furchtbar | backup/browser: Browser fetch timed out for https://www.collinsdictionary.com/dictionary/german-english/furchtbar (title='English Translation of “FURCHTBAR” | Collins German-English Dictionary', bytes=199586)"
Fähigkeit,noun,die,"primary/basic: No IPA found for selector: phonetics (194404 bytes read) | backup/basic: HTTP 403 for https://www.collinsdictionary.com/dictionary/german-english/F%C3%A4higkeit | backup/browser: Browser fetch timed out for https://www.collinsdictionary.com/dictionary/german-english/F%C3%A4higkeit (title='Collins Online Dictionary | Definitions, Thesaurus and Translations', bytes=134448)"
Förderung,noun,die,"primary/basic: No IPA found for selector: phonetics (286265 bytes read) | backup/basic: HTTP 403 for https://www.collinsdictionary.com/dictionary/german-english/F%C3%B6rderung | backup/browser: Browser fetch timed out for https://www.collinsdictionary.com/dictionary/german-english/F%C3%B6rderung (title='Collins Online Dictionary | Definitions, Thesaurus and Translations', bytes=217873)"
Führung,noun,die,"primary/basic: No IPA found for selector: phonetics (266469 bytes read) | backup/basic: HTTP 403 for https://www.collinsdictionary.com/dictionary/german-english/F%C3%BChrung | backup/browser: Browser fetch timed out for https://www.collinsdictionary.com/dictionary/german-english/F%C3%BChrung (title='Collins Online Dictionary | Definitions, Thesaurus and Translations', bytes=293685)"
Geburtstag,noun,der,"primary/basic: No IPA found for selector: phonetics (198227 bytes read) | backup/basic: HTTP 403 for https://www.collinsdictionary.com/dictionary/german-english/Geburtstag | backup/browser: Browser fetch timed out for https://www.collinsdictionary.com/dictionary/german-english/Geburtstag (title='English Translation of “GEBURTSTAG” | Collins German-English Dictionary', bytes=387070)"
Gegensatz,noun,der,"primary/basic: No IPA found for selector: phonetics (205501 bytes read) | backup/basic: HTTP 403 for https://www.collinsdictionary.com/dictionary/german-english/Gegensatz | backup/browser: Browser fetch timed out for https://www.collinsdictionary.com/dictionary/german-english/Gegensatz (title='English Translation of “GEGENSATZ” | Collins German-English Dictionary', bytes=381871)"
Gegenstand,noun,der,"primary/basic: No IPA found for selector: phonetics (200362 bytes read) | backup/basic: HTTP 403 for https://www.collinsdictionary.com/dictionary/german-english/Gegenstand | backup/browser: Browser fetch timed out for https://www.collinsdictionary.com/dictionary/german-english/Gegenstand (title='English Translation of “GEGENSTAND” | Collins German-English Dictionary', bytes=394208)"
Geliebte,noun,der/die,"primary/basic: No IPA found for selector: phonetics (217076 bytes read) | backup/basic: HTTP 403 for https://www.collinsdictionary.com/dictionary/german-english/Geliebte | backup/browser: Browser fetch timed out for https://www.collinsdictionary.com/dictionary/german-english/Geliebte (title='English Translation of “GELIEBTE” | Collins German-English Dictionary', bytes=207699)"
Gemeinderat,noun,der,"primary/basic: No IPA found for selector: phonetics (163800 bytes read) | backup/basic: HTTP 403 for https://www.collinsdictionary.com/dictionary/german-english/Gemeinderat | backup/browser: Browser fetch timed out for https://www.collinsdictionary.com/dictionary/german-english/Gemeinderat (title='English Translation of “GEMEINDERAT” | Collins German-English Dictionary', bytes=197645)"
Gemeinschaft,noun,die,"primary/basic: No IPA found for selector: phonetics (213030 bytes read) | backup/basic: HTTP 403 for https://www.collinsdictionary.com/dictionary/german-english/Gemeinschaft | backup/browser: Browser fetch timed out for https://www.collinsdictionary.com/dictionary/german-english/Gemeinschaft (title='English Translation of “GEMEINSCHAFT” | Collins German-English Dictionary', bytes=207715)"
gemütlich,adjective,,"primary/basic: No IPA found for selector: phonetics (238163 bytes read) | backup/basic: HTTP 403 for https://www.collinsdictionary.com/dictionary/german-english/gem%C3%BCtlich | backup/browser: Browser fetch timed out for https://www.collinsdictionary.com/dictionary/german-english/gem%C3%BCtlich (title='English Translation of “GEMÜTLICH” | Collins German-English Dictionary', bytes=207765)"
Genehmigung,noun,die,"primary/basic: No IPA found for selector: phonetics (206646 bytes read) | backup/basic: HTTP 403 for https://www.collinsdictionary.com/dictionary/german-english/Genehmigung | backup/browser: Browser fetch timed out for https://www.collinsdictionary.com/dictionary/german-english/Genehmigung (title='English Translation of “GENEHMIGUNG” | Collins German-English Dictionary', bytes=207695)"
"gern, gerne (with a verb)",adverb,,"primary/basic: No IPA found for selector: phonetics (351713 bytes read) | backup/basic: HTTP 403 for https://www.collinsdictionary.com/dictionary/german-english/gern%2C%20gerne%20%28with%20a%20verb%29 | backup/browser: Browser fetch timed out for https://www.collinsdictionary.com/dictionary/german-english/gern%2C%20gerne%20%28with%20a%20verb%29 (title='Collins Online Dictionary | Definitions, Thesaurus and Translations', bytes=134448)"
Geschäftsführer,noun,der,"primary/basic: No IPA found for selector: phonetics (171919 bytes read) | backup/basic: HTTP 403 for https://www.collinsdictionary.com/dictionary/german-english/Gesch%C3%A4ftsf%C3%BChrer | backup/browser: Browser fetch timed out for https://www.collinsdictionary.com/dictionary/german-english/Gesch%C3%A4ftsf%C3%BChrer (title='Collins Online Dictionary | Definitions, Thesaurus and Translations', bytes=134650)"
Geschäftsjahr,noun,das,"primary/basic: No IPA found for selector: phonetics (153930 bytes read) | backup/basic: HTTP 403 for https://www.collinsdictionary.com/dictionary/german-english/Gesch%C3%A4ftsjahr | backup/browser: Browser fetch timed out for https://www.collinsdictionary.com/dictionary/german-english/Gesch%C3%A4ftsjahr (title='Collins Online Dictionary | Definitions, Thesaurus and Translations', bytes=296075)"
Gesetzgeber,noun,der,"primary/basic: No IPA found for selector: phonetics (154860 bytes read) | backup/basic: HTTP 403 for https://www.collinsdictionary.com/dictionary/german-english/Gesetzgeber | backup/browser: Browser fetch timed out for https://www.collinsdictionary.com/dictionary/german-english/Gesetzgeber (title='English Translation of “GESETZGEBER” | Collins German-English Dictionary', bytes=197645)"
Gesichtspunkt,noun,der,"primary/basic: No IPA found for selector: phonetics (164808 bytes read) | backup/basic: HTTP 403 for https://www.collinsdictionary.com/dictionary/german-english/Gesichtspunkt | backup/browser: Browser fetch timed out for https://www.collinsdictionary.com/dictionary/german-english/Gesichtspunkt (title='English Translation of “GESICHTSPUNKT” | Collins German-English Dictionary', bytes=199726)"
gespannt,adjective,,"primary/basic: No IPA found for selector: phonetics (422991 bytes read) | backup/basic: HTTP 403 for https://www.collinsdictionary.com/dictionary/german-english/gespannt | backup/browser: Browser fetch timed out for https://www.collinsdictionary.com/dictionary/german-english/gespannt (title='English Translation of “GESPANNT” | Collins German-English Dictionary', bytes=197588)"
Gestaltung,noun,die,"primary/basic: No IPA found for selector: phonetics (195131 bytes read) | backup/basic: HTTP 403 for https://www.collinsdictionary.com/dictionary/german-english/Gestaltung | backup/browser: Browser fetch timed out for https://www.collinsdictionary.com/dictionary/german-english/Gestaltung (title='English Translation of “GESTALTUNG” | Collins German-English Dictionary', bytes=372532)"
Gesundheit,noun,die,"primary/basic: No IPA found for selector: phonetics (221244 bytes read) | backup/basic: HTTP 403 for https://www.collinsdictionary.com/dictionary/german-english/Gesundheit | backup/browser: Browser fetch timed out for https://www.collinsdictionary.com/dictionary/german-english/Gesundheit (title='English Translation of “GESUNDHEIT” | Collins German-English Dictionary', bytes=209965)"
gezielt,adjective,,"primary/basic: No IPA found for selector: phonetics (221702 bytes read) | backup/basic: HTTP 403 for https://www.collinsdictionary.com/dictionary/german-english/gezielt | backup/browser: Browser fetch timed out for https://www.collinsdictionary.com/dictionary/german-english/gezielt (title='English Translation of “GEZIELT” | Collins German-English Dictionary', bytes=197646)"
Gleichgewicht,noun,das,"primary/basic: No IPA found for selector: phonetics (263028 bytes read) | backup/basic: HTTP 403 for https://www.collinsdictionary.com/dictionary/german-english/Gleichgewicht | backup/browser: Browser fetch timed out for https://www.collinsdictionary.com/dictionary/german-english/Gleichgewicht (title='English Translation of “GLEICHGEWICHT” | Collins German-English Dictionary', bytes=207821)"
gleichmäßig,adjective,,"primary/basic: No IPA found for selector: phonetics (203793 bytes read) | backup/basic: HTTP 403 for https://www.collinsdictionary.com/dictionary/german-english/gleichm%C3%A4%C3%9Fig | backup/browser: Browser fetch timed out for https://www.collinsdictionary.com/dictionary/german-english/gleichm%C3%A4%C3%9Fig (title='English Translation of “GLEICHMÄSSIG” | Collins German-English Dictionary', bytes=197664)"
gleichzeitig,adjective,,"primary/basic: No IPA found for selector: phonetics (181937 bytes read) | backup/basic: HTTP 403 for https://www.collinsdictionary.com/dictionary/german-english/gleichzeitig | backup/browser: Browser fetch timed out for https://www.collinsdictionary.com/dictionary/german-english/gleichzeitig (title='English Translation of “GLEICHZEITIG” | Collins German-English Dictionary', bytes=389843)"
Gliederung,noun,die,"primary/basic: No IPA found for selector: phonetics (176152 bytes read) | backup/basic: HTTP 403 for https://www.collinsdictionary.com/dictionary/german-english/Gliederung | backup/browser: Browser fetch timed out for https://www.collinsdictionary.com/dictionary/german-english/Gliederung (title='English Translation of “GLIEDERUNG” | Collins German-English Dictionary', bytes=200276)"
Grenzwert,noun,der,"primary/basic: No IPA found for selector: phonetics (161114 bytes read) | backup/basic: HTTP 403 for https://www.collinsdictionary.com/dictionary/german-english/Grenzwert | backup/browser: Browser fetch timed out for https://www.collinsdictionary.com/dictionary/german-english/Grenzwert (title='English Translation of “GRENZWERT” | Collins German-English Dictionary', bytes=197607)"
Großmutter,noun,die,"primary/basic: No IPA found for selector: phonetics (204454 bytes read) | backup/basic: HTTP 403 for https://www.collinsdictionary.com/dictionary/german-english/Gro%C3%9Fmutter | backup/browser: Browser fetch timed out for https://www.collinsdictionary.com/dictionary/german-english/Gro%C3%9Fmutter (title='Collins Online Dictionary | Definitions, Thesaurus and Translations', bytes=134643)"
Großteil,noun,der,"primary/basic: No IPA found for selector: phonetics (155654 bytes read) | backup/basic: HTTP 403 for https://www.collinsdictionary.com/dictionary/german-english/Gro%C3%9Fteil | backup/browser: Browser fetch timed out for https://www.collinsdictionary.com/dictionary/german-english/Gro%C3%9Fteil (title='Collins Online Dictionary | Definitions, Thesaurus and Translations', bytes=303585)"
Großvater,noun,der,"primary/basic: No IPA found for selector: phonetics (203840 bytes read) | backup/basic: HTTP 403 for https://www.collinsdictionary.com/dictionary/german-english/Gro%C3%9Fvater | backup/browser: Browser fetch timed out for https://www.collinsdictionary.com/dictionary/german-english/Gro%C3%9Fvater (title='Just a moment...', bytes=6267)"
großzügig,adjective,,"primary/basic: No IPA found for selector: phonetics (194893 bytes read) | backup/basic: HTTP 403 for https://www.collinsdictionary.com/dictionary/german-english/gro%C3%9Fz%C3%BCgig | backup/browser: Browser fetch timed out for https://www.collinsdictionary.com/dictionary/german-english/gro%C3%9Fz%C3%BCgig (title='English Translation of “GROSSZÜGIG” | Collins German-English Dictionary', bytes=385826)"
Grundgesetz,noun,das,"primary/basic: No IPA found for selector: phonetics (163677 bytes read) | backup/basic: HTTP 403 for https://www.collinsdictionary.com/dictionary/german-english/Grundgesetz | backup/browser: Browser fetch timed out for https://www.collinsdictionary.com/dictionary/german-english/Grundgesetz (title='English Translation of “GRUNDGESETZ” | Collins German-English Dictionary', bytes=373208)"
Grundlage,noun,die,"primary/basic: No IPA found for selector: phonetics (199221 bytes read) | backup/basic: HTTP 403 for https://www.collinsdictionary.com/dictionary/german-english/Grundlage | backup/browser: Browser fetch timed out for https://www.collinsdictionary.com/dictionary/german-english/Grundlage (title='English Translation of “GRUNDLAGE” | Collins German-English Dictionary', bytes=207678)"
grundlegend,adjective,,"primary/basic: No IPA found for selector: phonetics (167650 bytes read) | backup/basic: HTTP 403 for https://www.collinsdictionary.com/dictionary/german-english/grundlegend | backup/browser: Browser fetch timed out for https://www.collinsdictionary.com/dictionary/german-english/grundlegend (title='English Translation of “GRUNDLEGEND” | Collins German-English Dictionary', bytes=207716)"
Grundschule,noun,die,"primary/basic: No IPA found for selector: phonetics (158221 bytes read) | backup/basic: HTTP 403 for https://www.collinsdictionary.com/dictionary/german-english/Grundschule | backup/browser: Browser fetch timed out for https://www.collinsdictionary.com/dictionary/german-english/Grundschule (title='English Translation of “GRUNDSCHULE” | Collins German-English Dictionary', bytes=274979)"
Grundstück,noun,das,"primary/basic: No IPA found for selector: phonetics (187095 bytes read) | backup/basic: HTTP 403 for https://www.collinsdictionary.com/dictionary/german-english/Grundst%C3%BCck | backup/browser: Browser fetch timed out for https://www.collinsdictionary.com/dictionary/german-english/Grundst%C3%BCck (title='Collins Online Dictionary | Definitions, Thesaurus and Translations', bytes=303842)"
Gründung,noun,die,"primary/basic: No IPA found for selector: phonetics (198335 bytes read) | backup/basic: HTTP 403 for https://www.collinsdictionary.com/dictionary/german-english/Gr%C3%BCndung | backup/browser: Browser fetch timed out for https://www.collinsdictionary.com/dictionary/german-english/Gr%C3%BCndung (title='Collins Online Dictionary | Definitions, Thesaurus and Translations', bytes=293976)"
Handwerk,noun,das,"primary/basic: No IPA found for selector: phonetics (194706 bytes read) | backup/basic: HTTP 403 for https://www.collinsdictionary.com/dictionary/german-english/Handwerk | backup/browser: Browser fetch timed out for https://www.collinsdictionary.com/dictionary/german-english/Handwerk (title='English Translation of “HANDWERK” | Collins German-English Dictionary', bytes=207639)"
Handwerker,noun,der,"primary/basic: No IPA found for selector: phonetics (168378 bytes read) | backup/basic: HTTP 403 for https://www.collinsdictionary.com/dictionary/german-english/Handwerker | backup/browser: Browser fetch timed out for https://www.collinsdictionary.com/dictionary/german-english/Handwerker (title='English Translation of “HANDWERKER” | Collins German-English Dictionary', bytes=197562)"
harmlos,adjective,,"primary/basic: No IPA found for selector: phonetics (174327 bytes read) | backup/basic: HTTP 403 for https://www.collinsdictionary.com/dictionary/german-english/harmlos | backup/browser: Browser fetch timed out for https://www.collinsdictionary.com/dictionary/german-english/harmlos (title='English Translation of “HARMLOS” | Collins German-English Dictionary', bytes=486544)"
Hauptstadt,noun,die,"primary/basic: No IPA found for selector: phonetics (164791 bytes read) | backup/basic: HTTP 403 for https://www.collinsdictionary.com/dictionary/german-english/Hauptstadt | backup/browser: Browser fetch timed out for https://www.collinsdictionary.com/dictionary/german-english/Hauptstadt (title='English Translation of “HAUPTSTADT” | Collins German-English Dictionary', bytes=381495)"
Haustür,noun,die,"primary/basic: No IPA found for selector: phonetics (166470 bytes read) | backup/basic: HTTP 403 for https://www.collinsdictionary.com/dictionary/german-english/Haust%C3%BCr | backup/browser: Browser fetch timed out for https://www.collinsdictionary.com/dictionary/german-english/Haust%C3%BCr (title='Collins Online Dictionary | Definitions, Thesaurus and Translations', bytes=305149)"
herausfinden,verb,,"primary/basic: No IPA found for selector: phonetics (184310 bytes read) | backup/basic: HTTP 403 for https://www.collinsdictionary.com/dictionary/german-english/herausfinden | backup/browser: Browser fetch timed out for https://www.collinsdictionary.com/dictionary/german-english/herausfinden (title='English Translation of “HERAUSFINDEN” | Collins German-English Dictionary', bytes=386145)"
Herausforderung,noun,die,"primary/basic: No IPA found for selector: phonetics (195787 bytes read) | backup/basic: HTTP 403 for https://www.collinsdictionary.com/dictionary/german-english/Herausforderung | backup/browser: Browser fetch timed out for https://www.collinsdictionary.com/dictionary/german-english/Herausforderung (title='English Translation of “HERAUSFORDERUNG” | Collins German-English Dictionary', bytes=197721)"
herausgeben,verb,,"primary/basic: No IPA found for selector: phonetics (229455 bytes read) | backup/basic: HTTP 403 for https://www.collinsdictionary.com/dictionary/german-english/herausgeben | backup/browser: Browser fetch timed out for https://www.collinsdictionary.com/dictionary/german-english/herausgeben (title='English Translation of “HERAUSGEBEN” | Collins German-English Dictionary', bytes=197581)"
herausnehmen,verb,,"primary/basic: No IPA found for selector: phonetics (217067 bytes read) | backup/basic: HTTP 403 for https://www.collinsdictionary.com/dictionary/german-english/herausnehmen | backup/browser: Browser fetch timed out for https://www.collinsdictionary.com/dictionary/german-english/herausnehmen (title='English Translation of “HERAUSNEHMEN” | Collins German-English Dictionary', bytes=369740)"
herausstellen,verb,,"primary/basic: No IPA found for selector: phonetics (219089 bytes read) | backup/basic: HTTP 403 for https://www.collinsdictionary.com/dictionary/german-english/herausstellen | backup/browser: Browser fetch timed out for https://www.collinsdictionary.com/dictionary/german-english/herausstellen (title='English Translation of “HERAUSSTELLEN” | Collins German-English Dictionary', bytes=374827)"
hereinkommen,verb,,"primary/basic: No IPA found for selector: phonetics (179920 bytes read) | backup/basic: HTTP 403 for https://www.collinsdictionary.com/dictionary/german-english/hereinkommen | backup/browser: Browser fetch timed out for https://www.collinsdictionary.com/dictionary/german-english/hereinkommen (title='English Translation of “HEREINKOMMEN” | Collins German-English Dictionary', bytes=197580)"
herkommen,verb,,"primary/basic: No IPA found for selector: phonetics (199922 bytes read) | backup/basic: HTTP 403 for https://www.collinsdictionary.com/dictionary/german-english/herkommen | backup/browser: Browser fetch timed out for https://www.collinsdictionary.com/dictionary/german-english/herkommen (title='English Translation of “HERKOMMEN” | Collins German-English Dictionary', bytes=373633)"
herstellen,verb,,"primary/basic: No IPA found for selector: phonetics (201468 bytes read) | backup/basic: HTTP 403 for https://www.collinsdictionary.com/dictionary/german-english/herstellen | backup/browser: Browser fetch timed out for https://www.collinsdictionary.com/dictionary/german-english/herstellen (title='English Translation of “HERSTELLEN” | Collins German-English Dictionary', bytes=377234)"
Hersteller,noun,der,"primary/basic: No IPA found for selector: phonetics (200377 bytes read) | backup/basic: HTTP 403 for https://www.collinsdictionary.com/dictionary/german-english/Hersteller | backup/browser: Browser fetch timed out for https://www.collinsdictionary.com/dictionary/german-english/Hersteller (title='English Translation of “HERSTELLER” | Collins German-English Dictionary', bytes=197723)"
Herstellung,noun,die,"primary/basic: No IPA found for selector: phonetics (212678 bytes read) | backup/basic: HTTP 403 for https://www.collinsdictionary.com/dictionary/german-english/Herstellung | backup/browser: Browser fetch timed out for https://www.collinsdictionary.com/dictionary/german-english/Herstellung (title='English Translation of “HERSTELLUNG” | Collins German-English Dictionary', bytes=199688)"
hervorgehen,verb,,"primary/basic: No IPA found for selector: phonetics (190560 bytes read) | backup/basic: HTTP 403 for https://www.collinsdictionary.com/dictionary/german-english/hervorgehen | backup/browser: Browser fetch timed out for https://www.collinsdictionary.com/dictionary/german-english/hervorgehen (title='English Translation of “HERVORGEHEN” | Collins German-English Dictionary', bytes=374909)"
hervorheben,verb,,"primary/basic: No IPA found for selector: phonetics (181030 bytes read) | backup/basic: HTTP 403 for https://www.collinsdictionary.com/dictionary/german-english/hervorheben | backup/browser: Browser fetch timed out for https://www.collinsdictionary.com/dictionary/german-english/hervorheben (title='English Translation of “HERVORHEBEN” | Collins German-English Dictionary', bytes=387406)"
hervorragend,adjective,,"primary/basic: No IPA found for selector: phonetics (199148 bytes read) | backup/basic: HTTP 403 for https://www.collinsdictionary.com/dictionary/german-english/hervorragend | backup/browser: Browser fetch timed out for https://www.collinsdictionary.com/dictionary/german-english/hervorragend (title='English Translation of “HERVORRAGEND” | Collins German-English Dictionary', bytes=388696)"
hervorrufen,verb,,"primary/basic: No IPA found for selector: phonetics (183801 bytes read) | backup/basic: HTTP 403 for https://www.collinsdictionary.com/dictionary/german-english/hervorrufen | backup/browser: Browser fetch timed out for https://www.collinsdictionary.com/dictionary/german-english/hervorrufen (title='English Translation of “HERVORRUFEN” | Collins German-English Dictionary', bytes=197645)"
herzlich,adjective,,"primary/basic: No IPA found for selector: phonetics (243576 bytes read) | backup/basic: HTTP 403 for https://www.collinsdictionary.com/dictionary/german-english/herzlich | backup/browser: Browser fetch timed out for https://www.collinsdictionary.com/dictionary/german-english/herzlich (title='English Translation of “HERZLICH” | Collins German-English Dictionary', bytes=197608)"
Hinblick,noun,der,"primary/basic: No IPA found for selector: phonetics (164242 bytes read) | backup/basic: HTTP 403 for https://www.collinsdictionary.com/dictionary/german-english/Hinblick | backup/browser: Browser fetch timed out for https://www.collinsdictionary.com/dictionary/german-english/Hinblick (title='English Translation of “HINBLICK” | Collins German-English Dictionary', bytes=209682)"
hinfahren,verb,,"primary/basic: No IPA found for selector: phonetics (185945 bytes read) | backup/basic: HTTP 403 for https://www.collinsdictionary.com/dictionary/german-english/hinfahren | backup/browser: Browser fetch timed out for https://www.collinsdictionary.com/dictionary/german-english/hinfahren (title='English Translation of “HINFAHREN” | Collins German-English Dictionary', bytes=267267)"
hingehen,verb,,"primary/basic: No IPA found for selector: phonetics (212468 bytes read) | backup/basic: HTTP 403 for https://www.collinsdictionary.com/dictionary/german-english/hingehen | backup/browser: Browser fetch timed out for https://www.collinsdictionary.com/dictionary/german-english/hingehen (title='English Translation of “HINGEHEN” | Collins German-English Dictionary', bytes=375795)"
hinnehmen,verb,,"primary/basic: No IPA found for selector: phonetics (206498 bytes read) | backup/basic: HTTP 403 for https://www.collinsdictionary.com/dictionary/german-english/hinnehmen | backup/browser: Browser fetch timed out for https://www.collinsdictionary.com/dictionary/german-english/hinnehmen (title='German Translation of “ACCEPT” | Collins English-German Dictionary', bytes=197657)"
Hinsicht,noun,die,"primary/basic: No IPA found for selector: phonetics (203699 bytes read) | backup/basic: HTTP 403 for https://www.collinsdictionary.com/dictionary/german-english/Hinsicht | backup/browser: Browser fetch timed out for https://www.collinsdictionary.com/dictionary/german-english/Hinsicht (title='English Translation of “HINSICHT” | Collins German-English Dictionary', bytes=228055)"
Hintergrund,noun,der,"primary/basic: No IPA found for selector: phonetics (239816 bytes read) | backup/basic: HTTP 403 for https://www.collinsdictionary.com/dictionary/german-english/Hintergrund | backup/browser: Browser fetch timed out for https://www.collinsdictionary.com/dictionary/german-english/Hintergrund (title='English Translation of “HINTERGRUND” | Collins German-English Dictionary', bytes=197645)"
hinweisen,verb,,"primary/basic: No IPA found for selector: phonetics (236069 bytes read) | backup/basic: HTTP 403 for https://www.collinsdictionary.com/dictionary/german-english/hinweisen | backup/browser: Browser fetch timed out for https://www.collinsdictionary.com/dictionary/german-english/hinweisen (title='English Translation of “HINWEISEN” | Collins German-English Dictionary', bytes=199643)"
Höhepunkt,noun,der,"primary/basic: No IPA found for selector: phonetics (216904 bytes read) | backup/basic: HTTP 403 for https://www.collinsdictionary.com/dictionary/german-english/H%C3%B6hepunkt | backup/browser: Browser fetch timed out for https://www.collinsdictionary.com/dictionary/german-english/H%C3%B6hepunkt (title='Collins Online Dictionary | Definitions, Thesaurus and Translations', bytes=134448)"
Hörer,noun,der,"primary/basic: No IPA found for selector: phonetics (186055 bytes read) | backup/basic: HTTP 403 for https://www.collinsdictionary.com/dictionary/german-english/H%C3%B6rer | backup/browser: Browser fetch timed out for https://www.collinsdictionary.com/dictionary/german-english/H%C3%B6rer (title='Collins Online Dictionary | Definitions, Thesaurus and Translations', bytes=194125)"
Immunsystem,noun,das,"primary/basic: No IPA found for selector: phonetics (145928 bytes read) | backup/basic: HTTP 403 for https://www.collinsdictionary.com/dictionary/german-english/Immunsystem | backup/browser: Browser fetch timed out for https://www.collinsdictionary.com/dictionary/german-english/Immunsystem (title='English Translation of “IMMUNSYSTEM” | Collins German-English Dictionary', bytes=199688)"
Industrieland,noun,das,"primary/basic: No IPA found for selector: phonetics (144622 bytes read) | backup/basic: HTTP 403 for https://www.collinsdictionary.com/dictionary/german-english/Industrieland | backup/browser: Browser fetch timed out for https://www.collinsdictionary.com/dictionary/german-english/Industrieland (title='English Translation of “INDUSTRIELAND” | Collins German-English Dictionary', bytes=199726)"
Informationstechnologie,noun,die,"primary/basic: No IPA found for selector: phonetics (137615 bytes read) | backup/basic: HTTP 403 for https://www.collinsdictionary.com/dictionary/german-english/Informationstechnologie | backup/browser: Browser fetch timed out for https://www.collinsdictionary.com/dictionary/german-english/Informationstechnologie (title='English Translation of “INFORMATIONSTECHNIK” | Collins German-English Dictionary', bytes=386090)"
inhaltlich,adjective,,"primary/basic: No IPA found for selector: phonetics (146140 bytes read) | backup/basic: HTTP 403 for https://www.collinsdictionary.com/dictionary/german-english/inhaltlich | backup/browser: Browser fetch timed out for https://www.collinsdictionary.com/dictionary/german-english/inhaltlich (title='English Translation of “INHALTLICH” | Collins German-English Dictionary', bytes=197619)"
Innenstadt,noun,die,"primary/basic: No IPA found for selector: phonetics (157645 bytes read) | backup/basic: HTTP 403 for https://www.collinsdictionary.com/dictionary/german-english/Innenstadt | backup/browser: Browser fetch timed out for https://www.collinsdictionary.com/dictionary/german-english/Innenstadt (title='English Translation of “INNENSTADT” | Collins German-English Dictionary', bytes=378463)"
Inszenierung,noun,die,"primary/basic: No IPA found for selector: phonetics (157312 bytes read) | backup/basic: HTTP 403 for https://www.collinsdictionary.com/dictionary/german-english/Inszenierung | backup/browser: Browser fetch timed out for https://www.collinsdictionary.com/dictionary/german-english/Inszenierung (title='English Translation of “INSZENIERUNG” | Collins German-English Dictionary', bytes=429153)"
Jahreszeit,noun,die,"primary/basic: No IPA found for selector: phonetics (162079 bytes read) | backup/basic: HTTP 403 for https://www.collinsdictionary.com/dictionary/german-english/Jahreszeit | backup/browser: Browser fetch timed out for https://www.collinsdictionary.com/dictionary/german-english/Jahreszeit (title='English Translation of “JAHRESZEIT” | Collins German-English Dictionary', bytes=373114)"
Jugendliche,noun,der/die,"primary/basic: No IPA found for selector: phonetics (170578 bytes read) | backup/basic: HTTP 403 for https://www.collinsdictionary.com/dictionary/german-english/Jugendliche | backup/browser: Browser fetch timed out for https://www.collinsdictionary.com/dictionary/german-english/Jugendliche (title='English Translation of “JUGENDLICHE” | Collins German-English Dictionary', bytes=197847)"
Kilogramm,noun,das,"primary/basic: No IPA found for selector: phonetics (157702 bytes read) | backup/basic: HTTP 403 for https://www.collinsdictionary.com/dictionary/german-english/Kilogramm | backup/browser: Browser fetch timed out for https://www.collinsdictionary.com/dictionary/german-english/Kilogramm (title='English Translation of “KILOGRAMM” | Collins German-English Dictionary', bytes=199650)"
Kindergarten,noun,der,"primary/basic: No IPA found for selector: phonetics (160820 bytes read) | backup/basic: HTTP 403 for https://www.collinsdictionary.com/dictionary/german-english/Kindergarten | backup/browser: Browser fetch timed out for https://www.collinsdictionary.com/dictionary/german-english/Kindergarten (title='English Translation of “KINDERGARTEN” | Collins German-English Dictionary', bytes=197657)"
Kindheit,noun,die,"primary/basic: No IPA found for selector: phonetics (172884 bytes read) | backup/basic: HTTP 403 for https://www.collinsdictionary.com/dictionary/german-english/Kindheit | backup/browser: Browser fetch timed out for https://www.collinsdictionary.com/dictionary/german-english/Kindheit (title='English Translation of “KINDHEIT” | Collins German-English Dictionary', bytes=197588)"
Kollegin,noun,die,"primary/basic: No IPA found for selector: phonetics (183080 bytes read) | backup/basic: HTTP 403 for https://www.collinsdictionary.com/dictionary/german-english/Kollegin | backup/browser: Browser fetch timed out for https://www.collinsdictionary.com/dictionary/german-english/Kollegin (title='English Translation of “KOLLEGIN” | Collins German-English Dictionary', bytes=197783)"
kompliziert,adjective,,"primary/basic: No IPA found for selector: phonetics (189145 bytes read) | backup/basic: HTTP 403 for https://www.collinsdictionary.com/dictionary/german-english/kompliziert | backup/browser: Browser fetch timed out for https://www.collinsdictionary.com/dictionary/german-english/kompliziert (title='English Translation of “KOMPLIZIERT” | Collins German-English Dictionary', bytes=197581)"
kostenlos,adjective,,"primary/basic: No IPA found for selector: phonetics (175573 bytes read) | backup/basic: HTTP 403 for https://www.collinsdictionary.com/dictionary/german-english/kostenlos | backup/browser: Browser fetch timed out for https://www.collinsdictionary.com/dictionary/german-english/kostenlos (title='English Translation of “KOSTENLOS” | Collins German-English Dictionary', bytes=375435)"
Krankenhaus,noun,das,"primary/basic: No IPA found for selector: phonetics (181148 bytes read) | backup/basic: HTTP 403 for https://www.collinsdictionary.com/dictionary/german-english/Krankenhaus | backup/browser: Browser fetch timed out for https://www.collinsdictionary.com/dictionary/german-english/Krankenhaus (title='English Translation of “KRANKENHAUS” | Collins German-English Dictionary', bytes=197645)"
Krankenkasse,noun,die,"primary/basic: No IPA found for selector: phonetics (168117 bytes read) | backup/basic: HTTP 403 for https://www.collinsdictionary.com/dictionary/german-english/Krankenkasse | backup/browser: Browser fetch timed out for https://www.collinsdictionary.com/dictionary/german-english/Krankenkasse (title='English Translation of “KRANKENKASSE” | Collins German-English Dictionary', bytes=199700)"
Krankheit,noun,die,"primary/basic: No IPA found for selector: phonetics (260827 bytes read) | backup/basic: HTTP 403 for https://www.collinsdictionary.com/dictionary/german-english/Krankheit | backup/browser: Browser fetch timed out for https://www.collinsdictionary.com/dictionary/german-english/Krankheit (title='English Translation of “-KRANKHEIT” | Collins German-English Dictionary', bytes=228101)"
Kreislauf,noun,der,"primary/basic: No IPA found for selector: phonetics (172990 bytes read) | backup/basic: HTTP 403 for https://www.collinsdictionary.com/dictionary/german-english/Kreislauf | backup/browser: Browser fetch timed out for https://www.collinsdictionary.com/dictionary/german-english/Kreislauf (title='English Translation of “KREISLAUF” | Collins German-English Dictionary', bytes=386956)"
Kunststoff,noun,der,"primary/basic: No IPA found for selector: phonetics (167443 bytes read) | backup/basic: HTTP 403 for https://www.collinsdictionary.com/dictionary/german-english/Kunststoff | backup/browser: Browser fetch timed out for https://www.collinsdictionary.com/dictionary/german-english/Kunststoff (title='English Translation of “KUNSTSTOFF” | Collins German-English Dictionary', bytes=197542)"
Kunstwerk,noun,das,"primary/basic: No IPA found for selector: phonetics (167354 bytes read) | backup/basic: HTTP 403 for https://www.collinsdictionary.com/dictionary/german-english/Kunstwerk | backup/browser: Browser fetch timed out for https://www.collinsdictionary.com/dictionary/german-english/Kunstwerk (title='English Translation of “KUNSTWERK” | Collins German-English Dictionary', bytes=378477)"
körperlich,adjective,,"primary/basic: No IPA found for selector: phonetics (201359 bytes read) | backup/basic: HTTP 403 for https://www.collinsdictionary.com/dictionary/german-english/k%C3%B6rperlich | backup/browser: Browser fetch timed out for https://www.collinsdictionary.com/dictionary/german-english/k%C3%B6rperlich (title='English Translation of “KÖRPERLICH” | Collins German-English Dictionary', bytes=197626)"
Kündigung,noun,die,"primary/basic: No IPA found for selector: phonetics (249226 bytes read) | backup/basic: HTTP 403 for https://www.collinsdictionary.com/dictionary/german-english/K%C3%BCndigung | backup/browser: Browser fetch timed out for https://www.collinsdictionary.com/dictionary/german-english/K%C3%BCndigung (title='Collins Online Dictionary | Definitions, Thesaurus and Translations', bytes=144465)"
Landesregierung,noun,die,"primary/basic: No IPA found for selector: phonetics (144888 bytes read) | backup/basic: HTTP 403 for https://www.collinsdictionary.com/dictionary/german-english/Landesregierung | backup/browser: Browser fetch timed out for https://www.collinsdictionary.com/dictionary/german-english/Landesregierung (title='English Translation of “LANDESREGIERUNG” | Collins German-English Dictionary', bytes=197721)"
Landkreis,noun,der,"primary/basic: No IPA found for selector: phonetics (142493 bytes read) | backup/basic: HTTP 403 for https://www.collinsdictionary.com/dictionary/german-english/Landkreis | backup/browser: Browser fetch timed out for https://www.collinsdictionary.com/dictionary/german-english/Landkreis (title='English Translation of “LANDKREIS” | Collins German-English Dictionary', bytes=197523)"
Landwirtschaft,noun,die,"primary/basic: No IPA found for selector: phonetics (201325 bytes read) | backup/basic: HTTP 403 for https://www.collinsdictionary.com/dictionary/german-english/Landwirtschaft | backup/browser: Browser fetch timed out for https://www.collinsdictionary.com/dictionary/german-english/Landwirtschaft (title='English Translation of “LANDWIRTSCHAFT” | Collins German-English Dictionary', bytes=276304)"
landwirtschaftlich,adjective,,"primary/basic: No IPA found for selector: phonetics (165143 bytes read) | backup/basic: HTTP 403 for https://www.collinsdictionary.com/dictionary/german-english/landwirtschaftlich | backup/browser: Browser fetch timed out for https://www.collinsdictionary.com/dictionary/german-english/landwirtschaftlich (title='English Translation of “LANDWIRTSCHAFTLICH” | Collins German-English Dictionary', bytes=384379)"
langfristig,adjective,,"primary/basic: No IPA found for selector: phonetics (202116 bytes read) | backup/basic: HTTP 403 for https://www.collinsdictionary.com/dictionary/german-english/langfristig | backup/browser: Browser fetch timed out for https://www.collinsdictionary.com/dictionary/german-english/langfristig (title='English Translation of “LANGFRISTIG” | Collins German-English Dictionary', bytes=207783)"
langjährig,adjective,,"primary/basic: No IPA found for selector: phonetics (166299 bytes read) | backup/basic: HTTP 403 for https://www.collinsdictionary.com/dictionary/german-english/langj%C3%A4hrig | backup/browser: Browser fetch timed out for https://www.collinsdictionary.com/dictionary/german-english/langj%C3%A4hrig (title='English Translation of “LANGJÄHRIG” | Collins German-English Dictionary', bytes=388122)"
Lastkraftwagen,noun,der,"primary/basic: No IPA found for selector: phonetics (181657 bytes read) | backup/basic: HTTP 403 for https://www.collinsdictionary.com/dictionary/german-english/Lastkraftwagen | backup/browser: Browser fetch timed out for https://www.collinsdictionary.com/dictionary/german-english/Lastkraftwagen (title='English Translation of “LASTKRAFTWAGEN” | Collins German-English Dictionary', bytes=199738)"
Lebensjahr,noun,das,"primary/basic: No IPA found for selector: phonetics (164471 bytes read) | backup/basic: HTTP 403 for https://www.collinsdictionary.com/dictionary/german-english/Lebensjahr | backup/browser: Browser fetch timed out for https://www.collinsdictionary.com/dictionary/german-english/Lebensjahr (title='English Translation of “LEBENSJAHR” | Collins German-English Dictionary', bytes=371511)"
Lebensmittel,noun,das,"primary/basic: No IPA found for selector: phonetics (174020 bytes read) | backup/basic: HTTP 403 for https://www.collinsdictionary.com/dictionary/german-english/Lebensmittel | backup/browser: Browser fetch timed out for https://www.collinsdictionary.com/dictionary/german-english/Lebensmittel (title='English Translation of “LEBENSMITTEL” | Collins German-English Dictionary', bytes=438062)"
Lebewesen,noun,das,"primary/basic: No IPA found for selector: phonetics (176467 bytes read) | backup/basic: HTTP 403 for https://www.collinsdictionary.com/dictionary/german-english/Lebewesen | backup/browser: Browser fetch timed out for https://www.collinsdictionary.com/dictionary/german-english/Lebewesen (title='English Translation of “LEBEWESEN” | Collins German-English Dictionary', bytes=375190)"
Lehrerin,noun,die,"primary/basic: No IPA found for selector: phonetics (151575 bytes read) | backup/basic: HTTP 403 for https://www.collinsdictionary.com/dictionary/german-english/Lehrerin | backup/browser: Browser fetch timed out for https://www.collinsdictionary.com/dictionary/german-english/Lehrerin (title='English Translation of “LEHRER” | Collins German-English Dictionary', bytes=207601)"
Leistung,noun,die,"primary/basic: No IPA found for selector: phonetics (323383 bytes read) | backup/basic: HTTP 403 for https://www.collinsdictionary.com/dictionary/german-english/Leistung | backup/browser: Browser fetch timed out for https://www.collinsdictionary.com/dictionary/german-english/Leistung (title='English Translation of “LEISTUNG” | Collins German-English Dictionary', bytes=207679)"
Leistungsfähigkeit,noun,die,"primary/basic: No IPA found for selector: phonetics (180728 bytes read) | backup/basic: HTTP 403 for https://www.collinsdictionary.com/dictionary/german-english/Leistungsf%C3%A4higkeit | backup/browser: Browser fetch timed out for https://www.collinsdictionary.com/dictionary/german-english/Leistungsf%C3%A4higkeit (title='Collins Online Dictionary | Definitions, Thesaurus and Translations', bytes=168678)"
"letzte (r, s)",adjective,,"primary/basic: No IPA found for selector: phonetics (825156 bytes read) | backup/basic: HTTP 403 for https://www.collinsdictionary.com/dictionary/german-english/letzte%20%28r%2C%20s%29 | backup/browser: Browser fetch timed out for https://www.collinsdictionary.com/dictionary/german-english/letzte%20%28r%2C%20s%29 (title='Collins Online Dictionary | Definitions, Thesaurus and Translations', bytes=295182)"
Lieferung,noun,die,"primary/basic: No IPA found for selector: phonetics (273141 bytes read) | backup/basic: HTTP 403 for https://www.collinsdictionary.com/dictionary/german-english/Lieferung | backup/browser: Browser fetch timed out for https://www.collinsdictionary.com/dictionary/german-english/Lieferung (title='English Translation of “LIEFERUNG” | Collins German-English Dictionary', bytes=197607)"
losgehen,verb,,"primary/basic: No IPA found for selector: phonetics (244126 bytes read) | backup/basic: HTTP 403 for https://www.collinsdictionary.com/dictionary/german-english/losgehen | backup/browser: Browser fetch timed out for https://www.collinsdictionary.com/dictionary/german-english/losgehen (title='English Translation of “LOSGEHEN” | Collins German-English Dictionary', bytes=197587)"
loslassen,verb,,"primary/basic: No IPA found for selector: phonetics (234551 bytes read) | backup/basic: HTTP 403 for https://www.collinsdictionary.com/dictionary/german-english/loslassen | backup/browser: Browser fetch timed out for https://www.collinsdictionary.com/dictionary/german-english/loslassen (title='English Translation of “LOSLASSEN” | Collins German-English Dictionary', bytes=209155)"
loswerden,verb,,"primary/basic: No IPA found for selector: phonetics (191487 bytes read) | backup/basic: HTTP 403 for https://www.collinsdictionary.com/dictionary/german-english/loswerden | backup/browser: Browser fetch timed out for https://www.collinsdictionary.com/dictionary/german-english/loswerden (title='English Translation of “LOSWERDEN” | Collins German-English Dictionary', bytes=197725)"
Marktanteil,noun,der,"primary/basic: No IPA found for selector: phonetics (167537 bytes read) | backup/basic: HTTP 403 for https://www.collinsdictionary.com/dictionary/german-english/Marktanteil | backup/browser: Browser fetch timed out for https://www.collinsdictionary.com/dictionary/german-english/Marktanteil (title='English Translation of “MARKTANTEIL” | Collins German-English Dictionary', bytes=375456)"
Mehrheit,noun,die,"primary/basic: No IPA found for selector: phonetics (216797 bytes read) | backup/basic: HTTP 403 for https://www.collinsdictionary.com/dictionary/german-english/Mehrheit | backup/browser: Browser fetch timed out for https://www.collinsdictionary.com/dictionary/german-english/Mehrheit (title='English Translation of “MEHRHEIT” | Collins German-English Dictionary', bytes=199631)"
meiste,adjective,,"primary/basic: No IPA found for selector: phonetics (567666 bytes read) | backup/basic: HTTP 403 for https://www.collinsdictionary.com/dictionary/german-english/meiste | backup/browser: Browser fetch timed out for https://www.collinsdictionary.com/dictionary/german-english/meiste (title='English Translation of “MEISTE” | Collins German-English Dictionary', bytes=197549)"
Menschenrecht,noun,das,"primary/basic: No IPA found for selector: phonetics (135707 bytes read) | backup/basic: HTTP 403 for https://www.collinsdictionary.com/dictionary/german-english/Menschenrecht | backup/browser: Browser fetch timed out for https://www.collinsdictionary.com/dictionary/german-english/Menschenrecht (title='English Translation of “MENSCHENRECHT” | Collins German-English Dictionary', bytes=351537)"
Menschheit,noun,die,"primary/basic: No IPA found for selector: phonetics (177672 bytes read) | backup/basic: HTTP 403 for https://www.collinsdictionary.com/dictionary/german-english/Menschheit | backup/browser: Browser fetch timed out for https://www.collinsdictionary.com/dictionary/german-english/Menschheit (title='English Translation of “MENSCHHEIT” | Collins German-English Dictionary', bytes=358869)"
Mieter,noun,der,"primary/basic: No IPA found for selector: phonetics (200140 bytes read) | backup/basic: HTTP 403 for https://www.collinsdictionary.com/dictionary/german-english/Mieter | backup/browser: Browser fetch timed out for https://www.collinsdictionary.com/dictionary/german-english/Mieter (title='English Translation of “MIETER” | Collins German-English Dictionary', bytes=200200)"
Minderheit,noun,die,"primary/basic: No IPA found for selector: phonetics (173812 bytes read) | backup/basic: HTTP 403 for https://www.collinsdictionary.com/dictionary/german-english/Minderheit | backup/browser: Browser fetch timed out for https://www.collinsdictionary.com/dictionary/german-english/Minderheit (title='English Translation of “MINDERHEIT” | Collins German-English Dictionary', bytes=355482)"
Ministerpräsident,noun,der,"primary/basic: No IPA found for selector: phonetics (145957 bytes read) | backup/basic: HTTP 403 for https://www.collinsdictionary.com/dictionary/german-english/Ministerpr%C3%A4sident | backup/browser: Browser fetch timed out for https://www.collinsdictionary.com/dictionary/german-english/Ministerpr%C3%A4sident (title='Collins Online Dictionary | Definitions, Thesaurus and Translations', bytes=289177)"
Mister,noun,der,"primary/basic: No IPA found for selector: phonetics (119767 bytes read) | backup/basic: HTTP 403 for https://www.collinsdictionary.com/dictionary/german-english/Mister | backup/browser: Browser fetch timed out for https://www.collinsdictionary.com/dictionary/german-english/Mister (title='Collins Online Dictionary | Definitions, Thesaurus and Translations', bytes=288976)"
Mitarbeiter,noun,der,"primary/basic: No IPA found for selector: phonetics (256890 bytes read) | backup/basic: HTTP 403 for https://www.collinsdictionary.com/dictionary/german-english/Mitarbeiter | backup/browser: Browser fetch timed out for https://www.collinsdictionary.com/dictionary/german-english/Mitarbeiter (title='English Translation of “MITARBEITER” | Collins German-English Dictionary', bytes=272322)"
mitmachen,verb,,"primary/basic: No IPA found for selector: phonetics (233446 bytes read) | backup/basic: HTTP 403 for https://www.collinsdictionary.com/dictionary/german-english/mitmachen | backup/browser: Browser fetch timed out for https://www.collinsdictionary.com/dictionary/german-english/mitmachen (title='English Translation of “MITMACHEN” | Collins German-English Dictionary', bytes=350378)"
mitnehmen,verb,,"primary/basic: No IPA found for selector: phonetics (225922 bytes read) | backup/basic: HTTP 403 for https://www.collinsdictionary.com/dictionary/german-english/mitnehmen | backup/browser: Browser fetch timed out for https://www.collinsdictionary.com/dictionary/german-english/mitnehmen (title='English Translation of “MITNEHMEN” | Collins German-English Dictionary', bytes=261612)"
Mitteilung,noun,die,"primary/basic: No IPA found for selector: phonetics (208311 bytes read) | backup/basic: HTTP 403 for https://www.collinsdictionary.com/dictionary/german-english/Mitteilung | backup/browser: Browser fetch timed out for https://www.collinsdictionary.com/dictionary/german-english/Mitteilung (title='English Translation of “MITTEILUNG” | Collins German-English Dictionary', bytes=360985)"
Mittelpunkt,noun,der,"primary/basic: No IPA found for selector: phonetics (190031 bytes read) | backup/basic: HTTP 403 for https://www.collinsdictionary.com/dictionary/german-english/Mittelpunkt | backup/browser: Browser fetch timed out for https://www.collinsdictionary.com/dictionary/german-english/Mittelpunkt (title='English Translation of “MITTELPUNKT” | Collins German-English Dictionary', bytes=282244)"
mächtig,adjective,,"primary/basic: No IPA found for selector: phonetics (242078 bytes read) | backup/basic: HTTP 403 for https://www.collinsdictionary.com/dictionary/german-english/m%C3%A4chtig | backup/browser: Browser fetch timed out for https://www.collinsdictionary.com/dictionary/german-english/m%C3%A4chtig (title='English Translation of “MÄCHTIG” | Collins German-English Dictionary', bytes=371771)"
möglicherweise,adverb,,"primary/basic: No IPA found for selector: phonetics (167361 bytes read) | backup/basic: HTTP 403 for https://www.collinsdictionary.com/dictionary/german-english/m%C3%B6glicherweise | backup/browser: Browser fetch timed out for https://www.collinsdictionary.com/dictionary/german-english/m%C3%B6glicherweise (title='English Translation of “MÖGLICHERWEISE” | Collins German-English Dictionary', bytes=208042)"
Möglichkeit,noun,die,"primary/basic: No IPA found for selector: phonetics (209976 bytes read) | backup/basic: HTTP 403 for https://www.collinsdictionary.com/dictionary/german-english/M%C3%B6glichkeit | backup/browser: Browser fetch timed out for https://www.collinsdictionary.com/dictionary/german-english/M%C3%B6glichkeit (title='Collins Online Dictionary | Definitions, Thesaurus and Translations', bytes=220703)"
nachdenken,verb,,"primary/basic: No IPA found for selector: phonetics (220429 bytes read) | backup/basic: HTTP 403 for https://www.collinsdictionary.com/dictionary/german-english/nachdenken | backup/browser: Browser fetch timed out for https://www.collinsdictionary.com/dictionary/german-english/nachdenken (title='English Translation of “NACHDENKEN” | Collins German-English Dictionary', bytes=283852)"
nachfolgen,verb,,"primary/basic: No IPA found for selector: phonetics (162209 bytes read) | backup/basic: HTTP 403 for https://www.collinsdictionary.com/dictionary/german-english/nachfolgen | backup/browser: Browser fetch timed out for https://www.collinsdictionary.com/dictionary/german-english/nachfolgen (title='English Translation of “NACHFOLGEN” | Collins German-English Dictionary', bytes=289087)"
nachfolgend,adjective,,"primary/basic: No IPA found for selector: phonetics (170107 bytes read) | backup/basic: HTTP 403 for https://www.collinsdictionary.com/dictionary/german-english/nachfolgend | backup/browser: Browser fetch timed out for https://www.collinsdictionary.com/dictionary/german-english/nachfolgend (title='English Translation of “NACHFOLGEND” | Collins German-English Dictionary', bytes=345728)"
Nachfrage,noun,die,"primary/basic: No IPA found for selector: phonetics (287188 bytes read) | backup/basic: HTTP 403 for https://www.collinsdictionary.com/dictionary/german-english/Nachfrage | backup/browser: Browser fetch timed out for https://www.collinsdictionary.com/dictionary/german-english/Nachfrage (title='English Translation of “NACHFRAGE” | Collins German-English Dictionary', bytes=372330)"
nachgehen,verb,,"primary/basic: No IPA found for selector: phonetics (204795 bytes read) | backup/basic: HTTP 403 for https://www.collinsdictionary.com/dictionary/german-english/nachgehen | backup/browser: Browser fetch timed out for https://www.collinsdictionary.com/dictionary/german-english/nachgehen (title='English Translation of “NACHGEHEN” | Collins German-English Dictionary', bytes=347232)"
Nachwuchs,noun,der,"primary/basic: No IPA found for selector: phonetics (187338 bytes read) | backup/basic: HTTP 403 for https://www.collinsdictionary.com/dictionary/german-english/Nachwuchs | backup/browser: Browser fetch timed out for https://www.collinsdictionary.com/dictionary/german-english/Nachwuchs (title='English Translation of “NACHWUCHS” | Collins German-English Dictionary', bytes=199643)"
"nahe, nah",adjective,,"primary/basic: No IPA found for selector: phonetics (349634 bytes read) | backup/basic: HTTP 403 for https://www.collinsdictionary.com/dictionary/german-english/nahe%2C%20nah | backup/browser: Browser fetch timed out for https://www.collinsdictionary.com/dictionary/german-english/nahe%2C%20nah (title='Collins Online Dictionary | Definitions, Thesaurus and Translations', bytes=303443)"
Nahrungsmittel,noun,das,"primary/basic: No IPA found for selector: phonetics (168466 bytes read) | backup/basic: HTTP 403 for https://www.collinsdictionary.com/dictionary/german-english/Nahrungsmittel | backup/browser: Browser fetch timed out for https://www.collinsdictionary.com/dictionary/german-english/Nahrungsmittel (title='English Translation of “NAHRUNGSMITTEL” | Collins German-English Dictionary', bytes=352898)"
Naturwissenschaft,noun,die,"primary/basic: No IPA found for selector: phonetics (155892 bytes read) | backup/basic: HTTP 403 for https://www.collinsdictionary.com/dictionary/german-english/Naturwissenschaft | backup/browser: Browser fetch timed out for https://www.collinsdictionary.com/dictionary/german-english/Naturwissenschaft (title='English Translation of “NATURWISSENSCHAFT” | Collins German-English Dictionary', bytes=263780)"
naturwissenschaftlich,adjective,,"primary/basic: No IPA found for selector: phonetics (141932 bytes read) | backup/basic: HTTP 403 for https://www.collinsdictionary.com/dictionary/german-english/naturwissenschaftlich | backup/browser: Browser fetch timed out for https://www.collinsdictionary.com/dictionary/german-english/naturwissenschaftlich (title='English Translation of “NATURWISSENSCHAFTLICH” | Collins German-English Dictionary', bytes=351573)"
Nebenwirkung,noun,die,"primary/basic: No IPA found for selector: phonetics (154212 bytes read) | backup/basic: HTTP 403 for https://www.collinsdictionary.com/dictionary/german-english/Nebenwirkung | backup/browser: Browser fetch timed out for https://www.collinsdictionary.com/dictionary/german-english/Nebenwirkung (title='English Translation of “NEBENWIRKUNG” | Collins German-English Dictionary', bytes=356657)"
Netzwerk,noun,das,"primary/basic: No IPA found for selector: phonetics (176141 bytes read) | backup/basic: HTTP 403 for https://www.collinsdictionary.com/dictionary/german-english/Netzwerk | backup/browser: Browser fetch timed out for https://www.collinsdictionary.com/dictionary/german-english/Netzwerk (title='English Translation of “NETZWERK” | Collins German-English Dictionary', bytes=377686)"
Niederlage,noun,die,"primary/basic: No IPA found for selector: phonetics (181162 bytes read) | backup/basic: HTTP 403 for https://www.collinsdictionary.com/dictionary/german-english/Niederlage | backup/browser: Browser fetch timed out for https://www.collinsdictionary.com/dictionary/german-english/Niederlage (title='English Translation of “NIEDERLAGE” | Collins German-English Dictionary', bytes=301199)"
nochmal,adverb,,"primary/basic: No IPA found for selector: phonetics (184118 bytes read) | backup/basic: HTTP 403 for https://www.collinsdictionary.com/dictionary/german-english/nochmal | backup/browser: Browser fetch timed out for https://www.collinsdictionary.com/dictionary/german-english/nochmal (title='English Translation of “NOCHMAL” | Collins German-English Dictionary', bytes=280200)"
Norden/Nord,noun,der,"primary/basic: HTTP 404 for https://en.pons.com/translate/german-english/Norden/Nord | primary/browser: Browser fetch timed out for https://en.pons.com/translate/german-english/Norden/Nord (title='PONS', bytes=137386) | backup/basic: HTTP 403 for https://www.collinsdictionary.com/dictionary/german-english/Norden/Nord | backup/browser: Browser fetch timed out for https://www.collinsdictionary.com/dictionary/german-english/Norden/Nord (title='Collins English Dictionary | Page Not Found (404)', bytes=337825)"
"nun, nu",adverb,,"primary/basic: No IPA found for selector: phonetics (231971 bytes read) | backup/basic: HTTP 403 for https://www.collinsdictionary.com/dictionary/german-english/nun%2C%20nu | backup/browser: Browser fetch timed out for https://www.collinsdictionary.com/dictionary/german-english/nun%2C%20nu (title='Collins Online Dictionary | Definitions, Thesaurus and Translations', bytes=284968)"
"nächste (r, s)",adjective,,"primary/basic: No IPA found for selector: phonetics (657218 bytes read) | backup/basic: HTTP 403 for https://www.collinsdictionary.com/dictionary/german-english/n%C3%A4chste%20%28r%2C%20s%29 | backup/browser: Browser fetch timed out for https://www.collinsdictionary.com/dictionary/german-english/n%C3%A4chste%20%28r%2C%20s%29 (title='Collins Online Dictionary | Definitions, Thesaurus and Translations', bytes=136483)"
Osten/Ost,noun,der,"primary/basic: HTTP 404 for https://en.pons.com/translate/german-english/Osten/Ost | primary/browser: Browser fetch timed out for https://en.pons.com/translate/german-english/Osten/Ost (title='PONS', bytes=137324) | backup/basic: HTTP 403 for https://www.collinsdictionary.com/dictionary/german-english/Osten/Ost | backup/browser: Browser fetch timed out for https://www.collinsdictionary.com/dictionary/german-english/Osten/Ost (title='Collins English Dictionary | Page Not Found (404)', bytes=337825)"
Parkplatz,noun,der,"primary/basic: No IPA found for selector: phonetics (180637 bytes read) | backup/basic: HTTP 403 for https://www.collinsdictionary.com/dictionary/german-english/Parkplatz | backup/browser: Browser fetch timed out for https://www.collinsdictionary.com/dictionary/german-english/Parkplatz (title='English Translation of “PARKPLATZ” | Collins German-English Dictionary', bytes=199629)"
Parteitag,noun,der,"primary/basic: No IPA found for selector: phonetics (151106 bytes read) | backup/basic: HTTP 403 for https://www.collinsdictionary.com/dictionary/german-english/Parteitag | backup/browser: Browser fetch timed out for https://www.collinsdictionary.com/dictionary/german-english/Parteitag (title='English Translation of “PARTEITAG” | Collins German-English Dictionary', bytes=340507)"
Personenkraftwagen,noun,der,"primary/basic: No IPA found for selector: phonetics (154604 bytes read) | backup/basic: HTTP 403 for https://www.collinsdictionary.com/dictionary/german-english/Personenkraftwagen | backup/browser: Browser fetch timed out for https://www.collinsdictionary.com/dictionary/german-english/Personenkraftwagen (title='English Translation of “PERSONENKRAFTWAGEN” | Collins German-English Dictionary', bytes=353308)"
Persönlichkeit,noun,die,"primary/basic: No IPA found for selector: phonetics (181462 bytes read) | backup/basic: HTTP 403 for https://www.collinsdictionary.com/dictionary/german-english/Pers%C3%B6nlichkeit | backup/browser: Browser fetch timed out for https://www.collinsdictionary.com/dictionary/german-english/Pers%C3%B6nlichkeit (title='Collins Online Dictionary | Definitions, Thesaurus and Translations', bytes=288140)"
Plattform,noun,die,"primary/basic: No IPA found for selector: phonetics (171087 bytes read) | backup/basic: HTTP 403 for https://www.collinsdictionary.com/dictionary/german-english/Plattform | backup/browser: Browser fetch timed out for https://www.collinsdictionary.com/dictionary/german-english/Plattform (title='English Translation of “PLATTFORM” | Collins German-English Dictionary', bytes=273494)"
präzise,adjective,,"primary/basic: No IPA found for selector: phonetics (143733 bytes read) | backup/basic: HTTP 403 for https://www.collinsdictionary.com/dictionary/german-english/pr%C3%A4zise | backup/browser: Browser fetch timed out for https://www.collinsdictionary.com/dictionary/german-english/pr%C3%A4zise (title='English Translation of “PRÄZIS” | Collins German-English Dictionary', bytes=229856)"
Prüfung,noun,die,"primary/basic: No IPA found for selector: phonetics (270494 bytes read) | backup/basic: HTTP 403 for https://www.collinsdictionary.com/dictionary/german-english/Pr%C3%BCfung | backup/browser: Browser fetch timed out for https://www.collinsdictionary.com/dictionary/german-english/Pr%C3%BCfung (title='Collins Online Dictionary | Definitions, Thesaurus and Translations', bytes=287875)"
Quadratmeter,noun,der,"primary/basic: No IPA found for selector: phonetics (1370680 bytes read) | backup/basic: HTTP 403 for https://www.collinsdictionary.com/dictionary/german-english/Quadratmeter | backup/browser: Browser fetch timed out for https://www.collinsdictionary.com/dictionary/german-english/Quadratmeter (title='English Translation of “QUADRATMETER” | Collins German-English Dictionary', bytes=274545)"
Rahmenbedingung,noun,die,"primary/basic: No IPA found for selector: phonetics (122981 bytes read) | backup/basic: HTTP 403 for https://www.collinsdictionary.com/dictionary/german-english/Rahmenbedingung | backup/browser: Browser fetch timed out for https://www.collinsdictionary.com/dictionary/german-english/Rahmenbedingung (title='English Translation of “RAHMENBEDINGUNG” | Collins German-English Dictionary', bytes=210097)"
Rathaus,noun,das,"primary/basic: No IPA found for selector: phonetics (171789 bytes read) | backup/basic: HTTP 403 for https://www.collinsdictionary.com/dictionary/german-english/Rathaus | backup/browser: Browser fetch timed out for https://www.collinsdictionary.com/dictionary/german-english/Rathaus (title='English Translation of “RATHAUS” | Collins German-English Dictionary', bytes=360482)"
Realisierung,noun,die,"primary/basic: No IPA found for selector: phonetics (140473 bytes read) | backup/basic: HTTP 403 for https://www.collinsdictionary.com/dictionary/german-english/Realisierung | backup/browser: Browser fetch timed out for https://www.collinsdictionary.com/dictionary/german-english/Realisierung (title='English Translation of “REALISIERUNG” | Collins German-English Dictionary', bytes=339968)"
rechtlich,adjective,,"primary/basic: No IPA found for selector: phonetics (254956 bytes read) | backup/basic: HTTP 403 for https://www.collinsdictionary.com/dictionary/german-english/rechtlich | backup/browser: Browser fetch timed out for https://www.collinsdictionary.com/dictionary/german-english/rechtlich (title='English Translation of “RECHTLICH” | Collins German-English Dictionary', bytes=228075)"
rechtzeitig,adjective,,"primary/basic: No IPA found for selector: phonetics (192064 bytes read) | backup/basic: HTTP 403 for https://www.collinsdictionary.com/dictionary/german-english/rechtzeitig | backup/browser: Browser fetch timed out for https://www.collinsdictionary.com/dictionary/german-english/rechtzeitig (title='English Translation of “RECHTZEITIG” | Collins German-English Dictionary', bytes=478564)"
regelmäßig,adjective,,"primary/basic: No IPA found for selector: phonetics (195656 bytes read) | backup/basic: HTTP 403 for https://www.collinsdictionary.com/dictionary/german-english/regelm%C3%A4%C3%9Fig | backup/browser: Browser fetch timed out for https://www.collinsdictionary.com/dictionary/german-english/regelm%C3%A4%C3%9Fig (title='English Translation of “REGELMÄSSIG” | Collins German-English Dictionary', bytes=199958)"
Regierungschef,noun,der,"primary/basic: No IPA found for selector: phonetics (140271 bytes read) | backup/basic: HTTP 403 for https://www.collinsdictionary.com/dictionary/german-english/Regierungschef | backup/browser: Browser fetch timed out for https://www.collinsdictionary.com/dictionary/german-english/Regierungschef (title='English Translation of “REGIERUNGSCHEF” | Collins German-English Dictionary', bytes=269347)"
Reichweite,noun,die,"primary/basic: No IPA found for selector: phonetics (182673 bytes read) | backup/basic: HTTP 403 for https://www.collinsdictionary.com/dictionary/german-english/Reichweite | backup/browser: Browser fetch timed out for https://www.collinsdictionary.com/dictionary/german-english/Reichweite (title='English Translation of “REICHWEITE” | Collins German-English Dictionary', bytes=308803)"
Richtlinie,noun,die,"primary/basic: No IPA found for selector: phonetics (182202 bytes read) | backup/basic: HTTP 403 for https://www.collinsdictionary.com/dictionary/german-english/Richtlinie | backup/browser: Browser fetch timed out for https://www.collinsdictionary.com/dictionary/german-english/Richtlinie (title='English Translation of “RICHTLINIE” | Collins German-English Dictionary', bytes=268698)"
Rohstoff,noun,der,"primary/basic: No IPA found for selector: phonetics (160764 bytes read) | backup/basic: HTTP 403 for https://www.collinsdictionary.com/dictionary/german-english/Rohstoff | backup/browser: Browser fetch timed out for https://www.collinsdictionary.com/dictionary/german-english/Rohstoff (title='English Translation of “ROHSTOFF” | Collins German-English Dictionary', bytes=351765)"
Rückgang,noun,der,"primary/basic: No IPA found for selector: phonetics (169832 bytes read) | backup/basic: HTTP 403 for https://www.collinsdictionary.com/dictionary/german-english/R%C3%BCckgang | backup/browser: Browser fetch timed out for https://www.collinsdictionary.com/dictionary/german-english/R%C3%BCckgang (title='Collins Online Dictionary | Definitions, Thesaurus and Translations', bytes=288565)"
Rückkehr,noun,die,"primary/basic: No IPA found for selector: phonetics (171322 bytes read) | backup/basic: HTTP 403 for https://www.collinsdictionary.com/dictionary/german-english/R%C3%BCckkehr | backup/browser: Browser fetch timed out for https://www.collinsdictionary.com/dictionary/german-english/R%C3%BCckkehr (title='Collins Online Dictionary | Definitions, Thesaurus and Translations', bytes=288189)"
Rücktritt,noun,der,"primary/basic: No IPA found for selector: phonetics (200827 bytes read) | backup/basic: HTTP 403 for https://www.collinsdictionary.com/dictionary/german-english/R%C3%BCcktritt | backup/browser: Browser fetch timed out for https://www.collinsdictionary.com/dictionary/german-english/R%C3%BCcktritt (title='Collins Online Dictionary | Definitions, Thesaurus and Translations', bytes=286949)"
schart,adjective,,"primary/basic: No IPA found for selector: phonetics (134479 bytes read) | backup/basic: HTTP 403 for https://www.collinsdictionary.com/dictionary/german-english/schart | backup/browser: Browser fetch timed out for https://www.collinsdictionary.com/dictionary/german-english/schart (title='English Translation of “SCHAREN” | Collins German-English Dictionary', bytes=349763)"
Schauspielerin,noun,die,"primary/basic: No IPA found for selector: phonetics (155196 bytes read) | backup/basic: HTTP 403 for https://www.collinsdictionary.com/dictionary/german-english/Schauspielerin | backup/browser: Browser fetch timed out for https://www.collinsdictionary.com/dictionary/german-english/Schauspielerin (title='English Translation of “SCHAUSPIELERIN” | Collins German-English Dictionary', bytes=274894)"
scheinbar,adjective,,"primary/basic: No IPA found for selector: phonetics (168966 bytes read) | backup/basic: HTTP 403 for https://www.collinsdictionary.com/dictionary/german-english/scheinbar | backup/browser: Browser fetch timed out for https://www.collinsdictionary.com/dictionary/german-english/scheinbar (title='English Translation of “SCHEINBAR” | Collins German-English Dictionary', bytes=289942)"
schlimmer,adjective,,"primary/basic: No IPA found for selector: phonetics (324284 bytes read) | backup/basic: HTTP 403 for https://www.collinsdictionary.com/dictionary/german-english/schlimmer | backup/browser: Browser fetch timed out for https://www.collinsdictionary.com/dictionary/german-english/schlimmer (title='English Translation of “SCHLIMM” | Collins German-English Dictionary', bytes=399400)"
Schnittstelle,noun,die,"primary/basic: No IPA found for selector: phonetics (173717 bytes read) | backup/basic: HTTP 403 for https://www.collinsdictionary.com/dictionary/german-english/Schnittstelle | backup/browser: Browser fetch timed out for https://www.collinsdictionary.com/dictionary/german-english/Schnittstelle (title='English Translation of “SCHNITTSTELLE” | Collins German-English Dictionary', bytes=275098)"
Schreibtisch,noun,der,"primary/basic: No IPA found for selector: phonetics (169532 bytes read) | backup/basic: HTTP 403 for https://www.collinsdictionary.com/dictionary/german-english/Schreibtisch | backup/browser: Browser fetch timed out for https://www.collinsdictionary.com/dictionary/german-english/Schreibtisch (title='English Translation of “SCHREIBTISCH” | Collins German-English Dictionary', bytes=358649)"
Schwerpunkt,noun,der,"primary/basic: No IPA found for selector: phonetics (197420 bytes read) | backup/basic: HTTP 403 for https://www.collinsdictionary.com/dictionary/german-english/Schwerpunkt | backup/browser: Browser fetch timed out for https://www.collinsdictionary.com/dictionary/german-english/Schwerpunkt (title='English Translation of “SCHWERPUNKT” | Collins German-English Dictionary', bytes=267114)"
Schwierigkeit,noun,die,"primary/basic: No IPA found for selector: phonetics (213464 bytes read) | backup/basic: HTTP 403 for https://www.collinsdictionary.com/dictionary/german-english/Schwierigkeit | backup/browser: Browser fetch timed out for https://www.collinsdictionary.com/dictionary/german-english/Schwierigkeit (title='English Translation of “SCHWIERIGKEIT” | Collins German-English Dictionary', bytes=287466)"
Schönheit,noun,die,"primary/basic: No IPA found for selector: phonetics (173482 bytes read) | backup/basic: HTTP 403 for https://www.collinsdictionary.com/dictionary/german-english/Sch%C3%B6nheit | backup/browser: Browser fetch timed out for https://www.collinsdictionary.com/dictionary/german-english/Sch%C3%B6nheit (title='Collins Online Dictionary | Definitions, Thesaurus and Translations', bytes=284490)"
Schülerin,noun,die,"primary/basic: No IPA found for selector: phonetics (171074 bytes read) | backup/basic: HTTP 403 for https://www.collinsdictionary.com/dictionary/german-english/Sch%C3%BClerin | backup/browser: Browser fetch timed out for https://www.collinsdictionary.com/dictionary/german-english/Sch%C3%BClerin (title='Collins Online Dictionary | Definitions, Thesaurus and Translations', bytes=287978)"
Sekretärin,noun,die,"primary/basic: No IPA found for selector: phonetics (224001 bytes read) | backup/basic: HTTP 403 for https://www.collinsdictionary.com/dictionary/german-english/Sekret%C3%A4rin | backup/browser: Browser fetch timed out for https://www.collinsdictionary.com/dictionary/german-english/Sekret%C3%A4rin (title='Collins Online Dictionary | Definitions, Thesaurus and Translations', bytes=279967)"
Selbstständigkeit,noun,die,"primary/basic: No IPA found for selector: phonetics (163079 bytes read) | backup/basic: HTTP 403 for https://www.collinsdictionary.com/dictionary/german-english/Selbstst%C3%A4ndigkeit | backup/browser: Browser fetch timed out for https://www.collinsdictionary.com/dictionary/german-english/Selbstst%C3%A4ndigkeit (title='Collins Online Dictionary | Definitions, Thesaurus and Translations', bytes=187648)"
selbstverständlich,adjective,,"primary/basic: No IPA found for selector: phonetics (207167 bytes read) | backup/basic: HTTP 403 for https://www.collinsdictionary.com/dictionary/german-english/selbstverst%C3%A4ndlich | backup/browser: Browser fetch timed out for https://www.collinsdictionary.com/dictionary/german-english/selbstverst%C3%A4ndlich (title='English Translation of “SELBSTVERSTÄNDLICH” | Collins German-English Dictionary', bytes=362166)"
Sicherheit,noun,die,"primary/basic: No IPA found for selector: phonetics (303971 bytes read) | backup/basic: HTTP 403 for https://www.collinsdictionary.com/dictionary/german-english/Sicherheit | backup/browser: Browser fetch timed out for https://www.collinsdictionary.com/dictionary/german-english/Sicherheit (title='English Translation of “SICHERHEIT” | Collins German-English Dictionary', bytes=199709)"
sicherstellen,verb,,"primary/basic: No IPA found for selector: phonetics (173946 bytes read) | backup/basic: HTTP 403 for https://www.collinsdictionary.com/dictionary/german-english/sicherstellen | backup/browser: Browser fetch timed out for https://www.collinsdictionary.com/dictionary/german-english/sicherstellen (title='English Translation of “SICHERSTELLEN” | Collins German-English Dictionary', bytes=302910)"
sichtbar,adjective,,"primary/basic: No IPA found for selector: phonetics (168105 bytes read) | backup/basic: HTTP 403 for https://www.collinsdictionary.com/dictionary/german-english/sichtbar | backup/browser: Browser fetch timed out for https://www.collinsdictionary.com/dictionary/german-english/sichtbar (title='English Translation of “SICHTBAR” | Collins German-English Dictionary', bytes=366007)"
sinnvoll,adjective,,"primary/basic: No IPA found for selector: phonetics (187845 bytes read) | backup/basic: HTTP 403 for https://www.collinsdictionary.com/dictionary/german-english/sinnvoll | backup/browser: Browser fetch timed out for https://www.collinsdictionary.com/dictionary/german-english/sinnvoll (title='English Translation of “SINNVOLL” | Collins German-English Dictionary', bytes=294539)"
spannend,adjective,,"primary/basic: No IPA found for selector: phonetics (366190 bytes read) | backup/basic: HTTP 403 for https://www.collinsdictionary.com/dictionary/german-english/spannend | backup/browser: Browser fetch timed out for https://www.collinsdictionary.com/dictionary/german-english/spannend (title='English Translation of “SPANNEND” | Collins German-English Dictionary', bytes=278931)"
Sportart,noun,die,"primary/basic: No IPA found for selector: phonetics (147058 bytes read) | backup/basic: HTTP 403 for https://www.collinsdictionary.com/dictionary/german-english/Sportart | backup/browser: Browser fetch timed out for https://www.collinsdictionary.com/dictionary/german-english/Sportart (title='English Translation of “SPORTART” | Collins German-English Dictionary', bytes=325333)"
spürbar,adjective,,"primary/basic: No IPA found for selector: phonetics (162671 bytes read) | backup/basic: HTTP 403 for https://www.collinsdictionary.com/dictionary/german-english/sp%C3%BCrbar | backup/browser: Browser fetch timed out for https://www.collinsdictionary.com/dictionary/german-english/sp%C3%BCrbar (title='English Translation of “SPÜRBAR” | Collins German-English Dictionary', bytes=273170)"
Standort,noun,der,"primary/basic: No IPA found for selector: phonetics (185509 bytes read) | backup/basic: HTTP 403 for https://www.collinsdictionary.com/dictionary/german-english/Standort | backup/browser: Browser fetch timed out for https://www.collinsdictionary.com/dictionary/german-english/Standort (title='English Translation of “STANDORT” | Collins German-English Dictionary', bytes=353915)"
stattdessen,adverb,,"primary/basic: No IPA found for selector: phonetics (155359 bytes read) | backup/basic: HTTP 403 for https://www.collinsdictionary.com/dictionary/german-english/stattdessen | backup/browser: Browser fetch timed out for https://www.collinsdictionary.com/dictionary/german-english/stattdessen (title='English Translation of “STATTDESSEN” | Collins German-English Dictionary', bytes=244084)"
Steckdose,noun,die,"primary/basic: No IPA found for selector: phonetics (174111 bytes read) | backup/basic: HTTP 403 for https://www.collinsdictionary.com/dictionary/german-english/Steckdose | backup/browser: Browser fetch timed out for https://www.collinsdictionary.com/dictionary/german-english/Steckdose (title='English Translation of “STECKDOSE” | Collins German-English Dictionary', bytes=304983)"
Steigerung,noun,die,"primary/basic: No IPA found for selector: phonetics (188980 bytes read) | backup/basic: HTTP 403 for https://www.collinsdictionary.com/dictionary/german-english/Steigerung | backup/browser: Browser fetch timed out for https://www.collinsdictionary.com/dictionary/german-english/Steigerung (title='www.collinsdictionary.com', bytes=188104)"
Stellungnahme,noun,die,"primary/basic: No IPA found for selector: phonetics (171799 bytes read) | backup/basic: HTTP 403 for https://www.collinsdictionary.com/dictionary/german-english/Stellungnahme | backup/browser: Browser fetch timed out for https://www.collinsdictionary.com/dictionary/german-english/Stellungnahme (title='English Translation of “STELLUNGNAHME” | Collins German-English Dictionary', bytes=197760)"
stellvertretend,adjective,,"primary/basic: No IPA found for selector: phonetics (174894 bytes read) | backup/basic: HTTP 403 for https://www.collinsdictionary.com/dictionary/german-english/stellvertretend | backup/browser: Browser fetch timed out for https://www.collinsdictionary.com/dictionary/german-english/stellvertretend (title='English Translation of “STELLVERTRETEND” | Collins German-English Dictionary', bytes=289157)"
Stellvertreter,noun,der,"primary/basic: No IPA found for selector: phonetics (155559 bytes read) | backup/basic: HTTP 403 for https://www.collinsdictionary.com/dictionary/german-english/Stellvertreter | backup/browser: Browser fetch timed out for https://www.collinsdictionary.com/dictionary/german-english/Stellvertreter (title='English Translation of “STELLVERTRETER” | Collins German-English Dictionary', bytes=377946)"
Strömung,noun,die,"primary/basic: No IPA found for selector: phonetics (178133 bytes read) | backup/basic: HTTP 403 for https://www.collinsdictionary.com/dictionary/german-english/Str%C3%B6mung | backup/browser: Browser fetch timed out for https://www.collinsdictionary.com/dictionary/german-english/Str%C3%B6mung (title='Collins Online Dictionary | Definitions, Thesaurus and Translations', bytes=232066)"
Studiengang,noun,der,"primary/basic: No IPA found for selector: phonetics (143789 bytes read) | backup/basic: HTTP 403 for https://www.collinsdictionary.com/dictionary/german-english/Studiengang | backup/browser: Browser fetch timed out for https://www.collinsdictionary.com/dictionary/german-english/Studiengang (title='English Translation of “STUDIENGANG” | Collins German-English Dictionary', bytes=351922)"
Störung,noun,die,"primary/basic: No IPA found for selector: phonetics (214116 bytes read) | backup/basic: HTTP 403 for https://www.collinsdictionary.com/dictionary/german-english/St%C3%B6rung | backup/browser: Browser fetch timed out for https://www.collinsdictionary.com/dictionary/german-english/St%C3%B6rung (title='Collins Online Dictionary | Definitions, Thesaurus and Translations', bytes=295725)"
Süden/Süd,noun,der,"primary/basic: HTTP 404 for https://en.pons.com/translate/german-english/S%C3%BCden/S%C3%BCd | primary/browser: Browser fetch timed out for https://en.pons.com/translate/german-english/S%C3%BCden/S%C3%BCd (title='PONS', bytes=137386) | backup/basic: HTTP 403 for https://www.collinsdictionary.com/dictionary/german-english/S%C3%BCden/S%C3%BCd | backup/browser: Browser fetch timed out for https://www.collinsdictionary.com/dictionary/german-english/S%C3%BCden/S%C3%BCd (title='Collins English Dictionary | Page Not Found (404)', bytes=337826)"
Tagebuch,noun,das,"primary/basic: No IPA found for selector: phonetics (171204 bytes read) | backup/basic: HTTP 403 for https://www.collinsdictionary.com/dictionary/german-english/Tagebuch | backup/browser: Browser fetch timed out for https://www.collinsdictionary.com/dictionary/german-english/Tagebuch (title='English Translation of “TAGEBUCH” | Collins German-English Dictionary', bytes=199577)"
Tageszeitung,noun,die,"primary/basic: No IPA found for selector: phonetics (157631 bytes read) | backup/basic: HTTP 403 for https://www.collinsdictionary.com/dictionary/german-english/Tageszeitung | backup/browser: Browser fetch timed out for https://www.collinsdictionary.com/dictionary/german-english/Tageszeitung (title='English Translation of “TAGESZEITUNG” | Collins German-English Dictionary', bytes=269202)"
teilnehmen,verb,,"primary/basic: No IPA found for selector: phonetics (204643 bytes read) | backup/basic: HTTP 403 for https://www.collinsdictionary.com/dictionary/german-english/teilnehmen | backup/browser: Browser fetch timed out for https://www.collinsdictionary.com/dictionary/german-english/teilnehmen (title='English Translation of “TEILNEHMEN” | Collins German-English Dictionary', bytes=369364)"
touristisch,adjective,,"primary/basic: No IPA found for selector: phonetics (139421 bytes read) | backup/basic: HTTP 403 for https://www.collinsdictionary.com/dictionary/german-english/touristisch | backup/browser: Browser fetch timed out for https://www.collinsdictionary.com/dictionary/german-english/touristisch (title='Collins Online Dictionary | Definitions, Thesaurus and Translations', bytes=277815)"
Träger,noun,der,"primary/basic: No IPA found for selector: phonetics (324263 bytes read) | backup/basic: HTTP 403 for https://www.collinsdictionary.com/dictionary/german-english/Tr%C3%A4ger | backup/browser: Browser fetch timed out for https://www.collinsdictionary.com/dictionary/german-english/Tr%C3%A4ger (title='Collins Online Dictionary | Definitions, Thesaurus and Translations', bytes=186925)"
Tätigkeit,noun,die,"primary/basic: No IPA found for selector: phonetics (238308 bytes read) | backup/basic: HTTP 403 for https://www.collinsdictionary.com/dictionary/german-english/T%C3%A4tigkeit | backup/browser: Browser fetch timed out for https://www.collinsdictionary.com/dictionary/german-english/T%C3%A4tigkeit (title='Collins Online Dictionary | Definitions, Thesaurus and Translations', bytes=287946)"
umbringen,verb,,"primary/basic: No IPA found for selector: phonetics (228767 bytes read) | backup/basic: HTTP 403 for https://www.collinsdictionary.com/dictionary/german-english/umbringen | backup/browser: Browser fetch timed out for https://www.collinsdictionary.com/dictionary/german-english/umbringen (title='English Translation of “UMBRINGEN” | Collins German-English Dictionary', bytes=260112)"
umdrehen,verb,,"primary/basic: No IPA found for selector: phonetics (552197 bytes read) | backup/basic: HTTP 403 for https://www.collinsdictionary.com/dictionary/german-english/umdrehen | backup/browser: Browser fetch timed out for https://www.collinsdictionary.com/dictionary/german-english/umdrehen (title='English Translation of “UMDREHEN” | Collins German-English Dictionary', bytes=365066)"
Umfang,noun,der,"primary/basic: No IPA found for selector: phonetics (231552 bytes read) | backup/basic: HTTP 403 for https://www.collinsdictionary.com/dictionary/german-english/Umfang | backup/browser: Browser fetch timed out for https://www.collinsdictionary.com/dictionary/german-english/Umfang (title='English Translation of “UMFANG” | Collins German-English Dictionary', bytes=393348)"
umfangreich,adjective,,"primary/basic: No IPA found for selector: phonetics (197440 bytes read) | backup/basic: HTTP 403 for https://www.collinsdictionary.com/dictionary/german-english/umfangreich | backup/browser: Browser fetch timed out for https://www.collinsdictionary.com/dictionary/german-english/umfangreich (title='English Translation of “UMFÄNGLICH” | Collins German-English Dictionary', bytes=353837)"
Umfeld,noun,das,"primary/basic: No IPA found for selector: phonetics (156128 bytes read) | backup/basic: HTTP 403 for https://www.collinsdictionary.com/dictionary/german-english/Umfeld | backup/browser: Browser fetch timed out for https://www.collinsdictionary.com/dictionary/german-english/Umfeld (title='English Translation of “UMFELD” | Collins German-English Dictionary', bytes=355891)"
Umfrage,noun,die,"primary/basic: No IPA found for selector: phonetics (173877 bytes read) | backup/basic: HTTP 403 for https://www.collinsdictionary.com/dictionary/german-english/Umfrage | backup/browser: Browser fetch timed out for https://www.collinsdictionary.com/dictionary/german-english/Umfrage (title='English Translation of “UMFRAGE” | Collins German-English Dictionary', bytes=283470)"
umgekehrt,adjective,,"primary/basic: No IPA found for selector: phonetics (242729 bytes read) | backup/basic: HTTP 403 for https://www.collinsdictionary.com/dictionary/german-english/umgekehrt | backup/browser: Browser fetch timed out for https://www.collinsdictionary.com/dictionary/german-english/umgekehrt (title='English Translation of “UMGEKEHRT” | Collins German-English Dictionary', bytes=199683)"
Umsatz,noun,der,"primary/basic: No IPA found for selector: phonetics (202582 bytes read) | backup/basic: HTTP 403 for https://www.collinsdictionary.com/dictionary/german-english/Umsatz | backup/browser: Browser fetch timed out for https://www.collinsdictionary.com/dictionary/german-english/Umsatz (title='English Translation of “UMSATZ” | Collins German-English Dictionary', bytes=380361)"
Umsetzung,noun,die,"primary/basic: No IPA found for selector: phonetics (184629 bytes read) | backup/basic: HTTP 403 for https://www.collinsdictionary.com/dictionary/german-english/Umsetzung | backup/browser: Browser fetch timed out for https://www.collinsdictionary.com/dictionary/german-english/Umsetzung (title='English Translation of “UMSETZUNG” | Collins German-English Dictionary', bytes=345753)"
Umstand,noun,der,"primary/basic: No IPA found for selector: phonetics (271300 bytes read) | backup/basic: HTTP 403 for https://www.collinsdictionary.com/dictionary/german-english/Umstand | backup/browser: Browser fetch timed out for https://www.collinsdictionary.com/dictionary/german-english/Umstand (title='English Translation of “UMSTAND” | Collins German-English Dictionary', bytes=353603)"
Umzug,noun,der,"primary/basic: No IPA found for selector: phonetics (179328 bytes read) | backup/basic: HTTP 403 for https://www.collinsdictionary.com/dictionary/german-english/Umzug | backup/browser: Browser fetch timed out for https://www.collinsdictionary.com/dictionary/german-english/Umzug (title='English Translation of “UMZUG” | Collins German-English Dictionary', bytes=227994)"
Unsicherheit,noun,die,"primary/basic: No IPA found for selector: phonetics (175959 bytes read) | backup/basic: HTTP 403 for https://www.collinsdictionary.com/dictionary/german-english/Unsicherheit | backup/browser: Browser fetch timed out for https://www.collinsdictionary.com/dictionary/german-english/Unsicherheit (title='English Translation of “UNSICHERHEIT” | Collins German-English Dictionary', bytes=247728)"
unterbringen,verb,,"primary/basic: No IPA found for selector: phonetics (202107 bytes read) | backup/basic: HTTP 403 for https://www.collinsdictionary.com/dictionary/german-english/unterbringen | backup/browser: Browser fetch timed out for https://www.collinsdictionary.com/dictionary/german-english/unterbringen (title='English Translation of “UNTERBRINGEN” | Collins German-English Dictionary', bytes=359511)"
untergehen,verb,,"primary/basic: No IPA found for selector: phonetics (456889 bytes read) | backup/basic: HTTP 403 for https://www.collinsdictionary.com/dictionary/german-english/untergehen | backup/browser: Browser fetch timed out for https://www.collinsdictionary.com/dictionary/german-english/untergehen (title='English Translation of “UNTERGEHEN” | Collins German-English Dictionary', bytes=374530)"
Unterscheidung,noun,die,"primary/basic: No IPA found for selector: phonetics (155213 bytes read) | backup/basic: HTTP 403 for https://www.collinsdictionary.com/dictionary/german-english/Unterscheidung | backup/browser: Browser fetch timed out for https://www.collinsdictionary.com/dictionary/german-english/Unterscheidung (title='English Translation of “UNTERSCHEIDUNG” | Collins German-English Dictionary', bytes=199724)"
Unterstützung,noun,die,"primary/basic: No IPA found for selector: phonetics (210812 bytes read) | backup/basic: HTTP 403 for https://www.collinsdictionary.com/dictionary/german-english/Unterst%C3%BCtzung | backup/browser: Browser fetch timed out for https://www.collinsdictionary.com/dictionary/german-english/Unterst%C3%BCtzung (title='Collins Online Dictionary | Definitions, Thesaurus and Translations', bytes=289217)"
veranlassen,verb,,"primary/basic: No IPA found for selector: phonetics (202567 bytes read) | backup/basic: HTTP 403 for https://www.collinsdictionary.com/dictionary/german-english/veranlassen | backup/browser: Browser fetch timed out for https://www.collinsdictionary.com/dictionary/german-english/veranlassen (title='English Translation of “VERANLASSEN” | Collins German-English Dictionary', bytes=197860)"
verantwortlich,adjective,,"primary/basic: No IPA found for selector: phonetics (203814 bytes read) | backup/basic: HTTP 403 for https://www.collinsdictionary.com/dictionary/german-english/verantwortlich | backup/browser: Browser fetch timed out for https://www.collinsdictionary.com/dictionary/german-english/verantwortlich (title='English Translation of “VERANTWORTLICH” | Collins German-English Dictionary', bytes=199724)"
verarbeiten,verb,,"primary/basic: No IPA found for selector: phonetics (212897 bytes read) | backup/basic: HTTP 403 for https://www.collinsdictionary.com/dictionary/german-english/verarbeiten | backup/browser: Browser fetch timed out for https://www.collinsdictionary.com/dictionary/german-english/verarbeiten (title='English Translation of “VERARBEITEN” | Collins German-English Dictionary', bytes=242260)"
verbergen,verb,,"primary/basic: No IPA found for selector: phonetics (193242 bytes read) | backup/basic: HTTP 403 for https://www.collinsdictionary.com/dictionary/german-english/verbergen | backup/browser: Browser fetch timed out for https://www.collinsdictionary.com/dictionary/german-english/verbergen (title='English Translation of “VERBERGEN” | Collins German-English Dictionary', bytes=283689)"
verbessern,verb,,"primary/basic: No IPA found for selector: phonetics (232442 bytes read) | backup/basic: HTTP 403 for https://www.collinsdictionary.com/dictionary/german-english/verbessern | backup/browser: Browser fetch timed out for https://www.collinsdictionary.com/dictionary/german-english/verbessern (title='English Translation of “VERBESSERN” | Collins German-English Dictionary', bytes=383702)"
Verbesserung,noun,die,"primary/basic: No IPA found for selector: phonetics (195021 bytes read) | backup/basic: HTTP 403 for https://www.collinsdictionary.com/dictionary/german-english/Verbesserung | backup/browser: Browser fetch timed out for https://www.collinsdictionary.com/dictionary/german-english/Verbesserung (title='English Translation of “VERBESSERUNG” | Collins German-English Dictionary', bytes=385403)"
verbieten,verb,,"primary/basic: No IPA found for selector: phonetics (219655 bytes read) | backup/basic: HTTP 403 for https://www.collinsdictionary.com/dictionary/german-english/verbieten | backup/browser: Browser fetch timed out for https://www.collinsdictionary.com/dictionary/german-english/verbieten (title='English Translation of “VERBIETEN” | Collins German-English Dictionary', bytes=408373)"
verbinden,verb,,"primary/basic: No IPA found for selector: phonetics (269897 bytes read) | backup/basic: HTTP 403 for https://www.collinsdictionary.com/dictionary/german-english/verbinden | backup/browser: Browser fetch timed out for https://www.collinsdictionary.com/dictionary/german-english/verbinden (title='English Translation of “VERBINDEN” | Collins German-English Dictionary', bytes=383097)"
Verbindlichkeit,noun,die,"primary/basic: No IPA found for selector: phonetics (222772 bytes read) | backup/basic: HTTP 403 for https://www.collinsdictionary.com/dictionary/german-english/Verbindlichkeit | backup/browser: Browser fetch timed out for https://www.collinsdictionary.com/dictionary/german-english/Verbindlichkeit (title='English Translation of “VERBINDLICHKEIT” | Collins German-English Dictionary', bytes=230090)"
Verbindung,noun,die,"primary/basic: No IPA found for selector: phonetics (377654 bytes read) | backup/basic: HTTP 403 for https://www.collinsdictionary.com/dictionary/german-english/Verbindung | backup/browser: Browser fetch timed out for https://www.collinsdictionary.com/dictionary/german-english/Verbindung (title='English Translation of “VERBINDUNG” | Collins German-English Dictionary', bytes=290226)"
verbleiben,verb,,"primary/basic: No IPA found for selector: phonetics (188710 bytes read) | backup/basic: HTTP 403 for https://www.collinsdictionary.com/dictionary/german-english/verbleiben | backup/browser: Browser fetch timed out for https://www.collinsdictionary.com/dictionary/german-english/verbleiben (title='English Translation of “VERBLEIBEN” | Collins German-English Dictionary', bytes=307098)"
verbrauchen,verb,,"primary/basic: No IPA found for selector: phonetics (199788 bytes read) | backup/basic: HTTP 403 for https://www.collinsdictionary.com/dictionary/german-english/verbrauchen | backup/browser: Browser fetch timed out for https://www.collinsdictionary.com/dictionary/german-english/verbrauchen (title='English Translation of “VERBRAUCHEN” | Collins German-English Dictionary', bytes=295944)"
Verbrechen,noun,das,"primary/basic: No IPA found for selector: phonetics (191682 bytes read) | backup/basic: HTTP 403 for https://www.collinsdictionary.com/dictionary/german-english/Verbrechen | backup/browser: Browser fetch timed out for https://www.collinsdictionary.com/dictionary/german-english/Verbrechen (title='English Translation of “VERBRECHEN” | Collins German-English Dictionary', bytes=228075)"
Verbreitung,noun,die,"primary/basic: No IPA found for selector: phonetics (194948 bytes read) | backup/basic: HTTP 403 for https://www.collinsdictionary.com/dictionary/german-english/Verbreitung | backup/browser: Browser fetch timed out for https://www.collinsdictionary.com/dictionary/german-english/Verbreitung (title='English Translation of “VERBREITUNG” | Collins German-English Dictionary', bytes=197840)"
verbrennen,verb,,"primary/basic: No IPA found for selector: phonetics (508838 bytes read) | backup/basic: HTTP 403 for https://www.collinsdictionary.com/dictionary/german-english/verbrennen | backup/browser: Browser fetch timed out for https://www.collinsdictionary.com/dictionary/german-english/verbrennen (title='English Translation of “VERBRENNEN” | Collins German-English Dictionary', bytes=386300)"
verbringen,verb,,"primary/basic: No IPA found for selector: phonetics (190558 bytes read) | backup/basic: HTTP 403 for https://www.collinsdictionary.com/dictionary/german-english/verbringen | backup/browser: Browser fetch timed out for https://www.collinsdictionary.com/dictionary/german-english/verbringen (title='English Translation of “VERBRINGEN” | Collins German-English Dictionary', bytes=374962)"
verdanken,verb,,"primary/basic: No IPA found for selector: phonetics (198898 bytes read) | backup/basic: HTTP 403 for https://www.collinsdictionary.com/dictionary/german-english/verdanken | backup/browser: Browser fetch timed out for https://www.collinsdictionary.com/dictionary/german-english/verdanken (title='English Translation of “VERDANKEN” | Collins German-English Dictionary', bytes=345247)"
verdienen,verb,,"primary/basic: No IPA found for selector: phonetics (248781 bytes read) | backup/basic: HTTP 403 for https://www.collinsdictionary.com/dictionary/german-english/verdienen | backup/browser: Browser fetch timed out for https://www.collinsdictionary.com/dictionary/german-english/verdienen (title='English Translation of “VERDIENEN” | Collins German-English Dictionary', bytes=502722)"
verdoppeln,verb,,"primary/basic: No IPA found for selector: phonetics (200342 bytes read) | backup/basic: HTTP 403 for https://www.collinsdictionary.com/dictionary/german-english/verdoppeln | backup/browser: Browser fetch timed out for https://www.collinsdictionary.com/dictionary/german-english/verdoppeln (title='English Translation of “VERDOPPELN” | Collins German-English Dictionary', bytes=364527)"
verdrängen,verb,,"primary/basic: No IPA found for selector: phonetics (185065 bytes read) | backup/basic: HTTP 403 for https://www.collinsdictionary.com/dictionary/german-english/verdr%C3%A4ngen | backup/browser: Browser fetch timed out for https://www.collinsdictionary.com/dictionary/german-english/verdr%C3%A4ngen (title='English Translation of “VERDRÄNGEN” | Collins German-English Dictionary', bytes=364942)"
Vereinbarung,noun,die,"primary/basic: No IPA found for selector: phonetics (244829 bytes read) | backup/basic: HTTP 403 for https://www.collinsdictionary.com/dictionary/german-english/Vereinbarung | backup/browser: Browser fetch timed out for https://www.collinsdictionary.com/dictionary/german-english/Vereinbarung (title='English Translation of “VEREINBARUNG” | Collins German-English Dictionary', bytes=353472)"
vereinigen,verb,,"primary/basic: No IPA found for selector: phonetics (208623 bytes read) | backup/basic: HTTP 403 for https://www.collinsdictionary.com/dictionary/german-english/vereinigen | backup/browser: Browser fetch timed out for https://www.collinsdictionary.com/dictionary/german-english/vereinigen (title='English Translation of “VEREINIGEN” | Collins German-English Dictionary', bytes=397032)"
Vereinigung,noun,die,"primary/basic: No IPA found for selector: phonetics (221684 bytes read) | backup/basic: HTTP 403 for https://www.collinsdictionary.com/dictionary/german-english/Vereinigung | backup/browser: Browser fetch timed out for https://www.collinsdictionary.com/dictionary/german-english/Vereinigung (title='English Translation of “VEREINIGUNG” | Collins German-English Dictionary', bytes=369801)"
verfassen,verb,,"primary/basic: No IPA found for selector: phonetics (175734 bytes read) | backup/basic: HTTP 403 for https://www.collinsdictionary.com/dictionary/german-english/verfassen | backup/browser: Browser fetch timed out for https://www.collinsdictionary.com/dictionary/german-english/verfassen (title='English Translation of “VERFASSEN” | Collins German-English Dictionary', bytes=228075)"
Verfassung,noun,die,"primary/basic: No IPA found for selector: phonetics (189145 bytes read) | backup/basic: HTTP 403 for https://www.collinsdictionary.com/dictionary/german-english/Verfassung | backup/browser: Browser fetch timed out for https://www.collinsdictionary.com/dictionary/german-english/Verfassung (title='English Translation of “VERFASSUNG” | Collins German-English Dictionary', bytes=354883)"
verfolgen,verb,,"primary/basic: No IPA found for selector: phonetics (242586 bytes read) | backup/basic: HTTP 403 for https://www.collinsdictionary.com/dictionary/german-english/verfolgen | backup/browser: Browser fetch timed out for https://www.collinsdictionary.com/dictionary/german-english/verfolgen (title='English Translation of “VERFOLGEN” | Collins German-English Dictionary', bytes=280606)"
verfügbar,adjective,,"primary/basic: No IPA found for selector: phonetics (180065 bytes read) | backup/basic: HTTP 403 for https://www.collinsdictionary.com/dictionary/german-english/verf%C3%BCgbar | backup/browser: Browser fetch timed out for https://www.collinsdictionary.com/dictionary/german-english/verf%C3%BCgbar (title='English Translation of “VERFÜGBAR” | Collins German-English Dictionary', bytes=275264)"
verfügen,verb,,"primary/basic: No IPA found for selector: phonetics (214186 bytes read) | backup/basic: HTTP 403 for https://www.collinsdictionary.com/dictionary/german-english/verf%C3%BCgen | backup/browser: Browser fetch timed out for https://www.collinsdictionary.com/dictionary/german-english/verf%C3%BCgen (title='English Translation of “VERFUGEN” | Collins German-English Dictionary', bytes=370169)"
Verfügung,noun,die,"primary/basic: No IPA found for selector: phonetics (260630 bytes read) | backup/basic: HTTP 403 for https://www.collinsdictionary.com/dictionary/german-english/Verf%C3%BCgung | backup/browser: Browser fetch timed out for https://www.collinsdictionary.com/dictionary/german-english/Verf%C3%BCgung (title='Collins Online Dictionary | Definitions, Thesaurus and Translations', bytes=290316)"
vergeben,verb,,"primary/basic: No IPA found for selector: phonetics (255595 bytes read) | backup/basic: HTTP 403 for https://www.collinsdictionary.com/dictionary/german-english/vergeben | backup/browser: Browser fetch timed out for https://www.collinsdictionary.com/dictionary/german-english/vergeben (title='English Translation of “VERGEBEN” | Collins German-English Dictionary', bytes=390243)"
vergleichbar,adjective,,"primary/basic: No IPA found for selector: phonetics (166912 bytes read) | backup/basic: HTTP 403 for https://www.collinsdictionary.com/dictionary/german-english/vergleichbar | backup/browser: Browser fetch timed out for https://www.collinsdictionary.com/dictionary/german-english/vergleichbar (title='English Translation of “VERGLEICHBAR” | Collins German-English Dictionary', bytes=276371)"
vergleichen,verb,,"primary/basic: No IPA found for selector: phonetics (307812 bytes read) | backup/basic: HTTP 403 for https://www.collinsdictionary.com/dictionary/german-english/vergleichen | backup/browser: Browser fetch timed out for https://www.collinsdictionary.com/dictionary/german-english/vergleichen (title='English Translation of “VERGLEICHEN” | Collins German-English Dictionary', bytes=363646)"
vergleichsweise,adverb,,"primary/basic: No IPA found for selector: phonetics (154662 bytes read) | backup/basic: HTTP 403 for https://www.collinsdictionary.com/dictionary/german-english/vergleichsweise | backup/browser: Browser fetch timed out for https://www.collinsdictionary.com/dictionary/german-english/vergleichsweise (title='English Translation of “VERGLEICHSWEISE” | Collins German-English Dictionary', bytes=350664)"
verhaften,verb,,"primary/basic: No IPA found for selector: phonetics (178938 bytes read) | backup/basic: HTTP 403 for https://www.collinsdictionary.com/dictionary/german-english/verhaften | backup/browser: Browser fetch timed out for https://www.collinsdictionary.com/dictionary/german-english/verhaften (title='English Translation of “VERHAFTEN” | Collins German-English Dictionary', bytes=355945)"
Verhaltensweise,noun,die,"primary/basic: No IPA found for selector: phonetics (148798 bytes read) | backup/basic: HTTP 403 for https://www.collinsdictionary.com/dictionary/german-english/Verhaltensweise | backup/browser: Browser fetch timed out for https://www.collinsdictionary.com/dictionary/german-english/Verhaltensweise (title='English Translation of “VERHALTENSWEISE” | Collins German-English Dictionary', bytes=347701)"
verhandeln,verb,,"primary/basic: No IPA found for selector: phonetics (199303 bytes read) | backup/basic: HTTP 403 for https://www.collinsdictionary.com/dictionary/german-english/verhandeln | backup/browser: Browser fetch timed out for https://www.collinsdictionary.com/dictionary/german-english/verhandeln (title='English Translation of “VERHANDELN” | Collins German-English Dictionary', bytes=367576)"
Verhandlung,noun,die,"primary/basic: No IPA found for selector: phonetics (211320 bytes read) | backup/basic: HTTP 403 for https://www.collinsdictionary.com/dictionary/german-english/Verhandlung | backup/browser: Browser fetch timed out for https://www.collinsdictionary.com/dictionary/german-english/Verhandlung (title='English Translation of “VERHANDLUNG” | Collins German-English Dictionary', bytes=373446)"
verhindern,verb,,"primary/basic: No IPA found for selector: phonetics (189571 bytes read) | backup/basic: HTTP 403 for https://www.collinsdictionary.com/dictionary/german-english/verhindern | backup/browser: Browser fetch timed out for https://www.collinsdictionary.com/dictionary/german-english/verhindern (title='English Translation of “VERHINDERN” | Collins German-English Dictionary', bytes=483740)"
verkaufen,verb,,"primary/basic: No IPA found for selector: phonetics (418379 bytes read) | backup/basic: HTTP 403 for https://www.collinsdictionary.com/dictionary/german-english/verkaufen | backup/browser: Browser fetch timed out for https://www.collinsdictionary.com/dictionary/german-english/verkaufen (title='English Translation of “VERKAUFEN” | Collins German-English Dictionary', bytes=360209)"
verkehren,verb,,"primary/basic: No IPA found for selector: phonetics (235950 bytes read) | backup/basic: HTTP 403 for https://www.collinsdictionary.com/dictionary/german-english/verkehren | backup/browser: Browser fetch timed out for https://www.collinsdictionary.com/dictionary/german-english/verkehren (title='English Translation of “VERKEHREN” | Collins German-English Dictionary', bytes=271569)"
verknüpfen,verb,,"primary/basic: No IPA found for selector: phonetics (184651 bytes read) | backup/basic: HTTP 403 for https://www.collinsdictionary.com/dictionary/german-english/verkn%C3%BCpfen | backup/browser: Browser fetch timed out for https://www.collinsdictionary.com/dictionary/german-english/verkn%C3%BCpfen (title='English Translation of “VERKNÜPFEN” | Collins German-English Dictionary', bytes=375728)"
Verknüpfung,noun,die,"primary/basic: No IPA found for selector: phonetics (164829 bytes read) | backup/basic: HTTP 403 for https://www.collinsdictionary.com/dictionary/german-english/Verkn%C3%BCpfung | backup/browser: Browser fetch timed out for https://www.collinsdictionary.com/dictionary/german-english/Verkn%C3%BCpfung (title='Collins Online Dictionary | Definitions, Thesaurus and Translations', bytes=236648)"
verkünden,verb,,"primary/basic: No IPA found for selector: phonetics (198004 bytes read) | backup/basic: HTTP 403 for https://www.collinsdictionary.com/dictionary/german-english/verk%C3%BCnden | backup/browser: Browser fetch timed out for https://www.collinsdictionary.com/dictionary/german-english/verk%C3%BCnden (title='English Translation of “VERKÜNDEN” | Collins German-English Dictionary', bytes=374279)"
verlassen,verb,,"primary/basic: No IPA found for selector: phonetics (253079 bytes read) | backup/basic: HTTP 403 for https://www.collinsdictionary.com/dictionary/german-english/verlassen | backup/browser: Browser fetch timed out for https://www.collinsdictionary.com/dictionary/german-english/verlassen (title='English Translation of “VERLASSEN” | Collins German-English Dictionary', bytes=230381)"
verlaufen,verb,,"primary/basic: No IPA found for selector: phonetics (246449 bytes read) | backup/basic: HTTP 403 for https://www.collinsdictionary.com/dictionary/german-english/verlaufen | backup/browser: Browser fetch timed out for https://www.collinsdictionary.com/dictionary/german-english/verlaufen (title='English Translation of “VERLAUFEN” | Collins German-English Dictionary', bytes=377283)"
verleihen,verb,,"primary/basic: No IPA found for selector: phonetics (237765 bytes read) | backup/basic: HTTP 403 for https://www.collinsdictionary.com/dictionary/german-english/verleihen | backup/browser: Browser fetch timed out for https://www.collinsdictionary.com/dictionary/german-english/verleihen (title='English Translation of “VERLEIHEN” | Collins German-English Dictionary', bytes=441684)"
Verletzung,noun,die,"primary/basic: No IPA found for selector: phonetics (207071 bytes read) | backup/basic: HTTP 403 for https://www.collinsdictionary.com/dictionary/german-english/Verletzung | backup/browser: Browser fetch timed out for https://www.collinsdictionary.com/dictionary/german-english/Verletzung (title='English Translation of “VERLETZUNG” | Collins German-English Dictionary', bytes=368246)"
verlieben,verb,,"primary/basic: No IPA found for selector: phonetics (199763 bytes read) | backup/basic: HTTP 403 for https://www.collinsdictionary.com/dictionary/german-english/verlieben | backup/browser: Browser fetch timed out for https://www.collinsdictionary.com/dictionary/german-english/verlieben (title='English Translation of “VERLIEBEN” | Collins German-English Dictionary', bytes=371561)"
vermehrt,adjective,,"primary/basic: No IPA found for selector: phonetics (151249 bytes read) | backup/basic: HTTP 403 for https://www.collinsdictionary.com/dictionary/german-english/vermehrt | backup/browser: Browser fetch timed out for https://www.collinsdictionary.com/dictionary/german-english/vermehrt (title='English Translation of “VERMEHREN” | Collins German-English Dictionary', bytes=347655)"
vermeiden,verb,,"primary/basic: No IPA found for selector: phonetics (190428 bytes read) | backup/basic: HTTP 403 for https://www.collinsdictionary.com/dictionary/german-english/vermeiden | backup/browser: Browser fetch timed out for https://www.collinsdictionary.com/dictionary/german-english/vermeiden (title='English Translation of “VERMEIDEN” | Collins German-English Dictionary', bytes=278370)"
Vermieter,noun,der,"primary/basic: No IPA found for selector: phonetics (166354 bytes read) | backup/basic: HTTP 403 for https://www.collinsdictionary.com/dictionary/german-english/Vermieter | backup/browser: Browser fetch timed out for https://www.collinsdictionary.com/dictionary/german-english/Vermieter (title='English Translation of “VERMIETER” | Collins German-English Dictionary', bytes=310734)"
vermindern,verb,,"primary/basic: No IPA found for selector: phonetics (203252 bytes read) | backup/basic: HTTP 403 for https://www.collinsdictionary.com/dictionary/german-english/vermindern | backup/browser: Browser fetch timed out for https://www.collinsdictionary.com/dictionary/german-english/vermindern (title='English Translation of “VERMINDERN” | Collins German-English Dictionary', bytes=276358)"
vermissen,verb,,"primary/basic: No IPA found for selector: phonetics (209967 bytes read) | backup/basic: HTTP 403 for https://www.collinsdictionary.com/dictionary/german-english/vermissen | backup/browser: Browser fetch timed out for https://www.collinsdictionary.com/dictionary/german-english/vermissen (title='English Translation of “VERMISSEN” | Collins German-English Dictionary', bytes=287381)"
Vermutung,noun,die,"primary/basic: No IPA found for selector: phonetics (207908 bytes read) | backup/basic: HTTP 403 for https://www.collinsdictionary.com/dictionary/german-english/Vermutung | backup/browser: Browser fetch timed out for https://www.collinsdictionary.com/dictionary/german-english/Vermutung (title='English Translation of “VERMUTUNG” | Collins German-English Dictionary', bytes=230361)"
Verordnung,noun,die,"primary/basic: No IPA found for selector: phonetics (202377 bytes read) | backup/basic: HTTP 403 for https://www.collinsdictionary.com/dictionary/german-english/Verordnung | backup/browser: Browser fetch timed out for https://www.collinsdictionary.com/dictionary/german-english/Verordnung (title='English Translation of “VERORDNUNG” | Collins German-English Dictionary', bytes=347085)"
verpassen,verb,,"primary/basic: No IPA found for selector: phonetics (216843 bytes read) | backup/basic: HTTP 403 for https://www.collinsdictionary.com/dictionary/german-english/verpassen | backup/browser: Browser fetch timed out for https://www.collinsdictionary.com/dictionary/german-english/verpassen (title='English Translation of “VERPASSEN” | Collins German-English Dictionary', bytes=306244)"
Verpflichtung,noun,die,"primary/basic: No IPA found for selector: phonetics (234280 bytes read) | backup/basic: HTTP 403 for https://www.collinsdictionary.com/dictionary/german-english/Verpflichtung | backup/browser: Browser fetch timed out for https://www.collinsdictionary.com/dictionary/german-english/Verpflichtung (title='English Translation of “VERPFLICHTUNG” | Collins German-English Dictionary', bytes=346447)"
verraten,verb,,"primary/basic: No IPA found for selector: phonetics (227542 bytes read) | backup/basic: HTTP 403 for https://www.collinsdictionary.com/dictionary/german-english/verraten | backup/browser: Browser fetch timed out for https://www.collinsdictionary.com/dictionary/german-english/verraten (title='English Translation of “VERRATEN” | Collins German-English Dictionary', bytes=367053)"
versammeln,verb,,"primary/basic: No IPA found for selector: phonetics (195618 bytes read) | backup/basic: HTTP 403 for https://www.collinsdictionary.com/dictionary/german-english/versammeln | backup/browser: Browser fetch timed out for https://www.collinsdictionary.com/dictionary/german-english/versammeln (title='English Translation of “VERSAMMELN” | Collins German-English Dictionary', bytes=390801)"
Versammlung,noun,die,"primary/basic: No IPA found for selector: phonetics (188868 bytes read) | backup/basic: HTTP 403 for https://www.collinsdictionary.com/dictionary/german-english/Versammlung | backup/browser: Browser fetch timed out for https://www.collinsdictionary.com/dictionary/german-english/Versammlung (title='English Translation of “VERSAMMLUNG” | Collins German-English Dictionary', bytes=385195)"
verschaffen,verb,,"primary/basic: No IPA found for selector: phonetics (218828 bytes read) | backup/basic: HTTP 403 for https://www.collinsdictionary.com/dictionary/german-english/verschaffen | backup/browser: Browser fetch timed out for https://www.collinsdictionary.com/dictionary/german-english/verschaffen (title='English Translation of “VERSCHAFFEN” | Collins German-English Dictionary', bytes=297522)"
verschieben,verb,,"primary/basic: No IPA found for selector: phonetics (211281 bytes read) | backup/basic: HTTP 403 for https://www.collinsdictionary.com/dictionary/german-english/verschieben | backup/browser: Browser fetch timed out for https://www.collinsdictionary.com/dictionary/german-english/verschieben (title='English Translation of “VERSCHIEBEN” | Collins German-English Dictionary', bytes=324134)"
verschließen,verb,,"primary/basic: No IPA found for selector: phonetics (222817 bytes read) | backup/basic: HTTP 403 for https://www.collinsdictionary.com/dictionary/german-english/verschlie%C3%9Fen | backup/browser: Browser fetch timed out for https://www.collinsdictionary.com/dictionary/german-english/verschlie%C3%9Fen (title='English Translation of “VERSCHLIESSEN” | Collins German-English Dictionary', bytes=365922)"
verschärfen,verb,,"primary/basic: No IPA found for selector: phonetics (202457 bytes read) | backup/basic: HTTP 403 for https://www.collinsdictionary.com/dictionary/german-english/versch%C3%A4rfen | backup/browser: Browser fetch timed out for https://www.collinsdictionary.com/dictionary/german-english/versch%C3%A4rfen (title='English Translation of “VERSCHÄRFEN” | Collins German-English Dictionary', bytes=346293)"
versetzen,verb,,"primary/basic: No IPA found for selector: phonetics (280115 bytes read) | backup/basic: HTTP 403 for https://www.collinsdictionary.com/dictionary/german-english/versetzen | backup/browser: Browser fetch timed out for https://www.collinsdictionary.com/dictionary/german-english/versetzen (title='English Translation of “VERSETZEN” | Collins German-English Dictionary', bytes=371624)"
versichern,verb,,"primary/basic: No IPA found for selector: phonetics (208919 bytes read) | backup/basic: HTTP 403 for https://www.collinsdictionary.com/dictionary/german-english/versichern | backup/browser: Browser fetch timed out for https://www.collinsdictionary.com/dictionary/german-english/versichern (title='English Translation of “VERSICHERN” | Collins German-English Dictionary', bytes=387168)"
Versicherung,noun,die,"primary/basic: No IPA found for selector: phonetics (298110 bytes read) | backup/basic: HTTP 403 for https://www.collinsdictionary.com/dictionary/german-english/Versicherung | backup/browser: Browser fetch timed out for https://www.collinsdictionary.com/dictionary/german-english/Versicherung (title='English Translation of “VERSICHERUNG” | Collins German-English Dictionary', bytes=313477)"
versorgen,verb,,"primary/basic: No IPA found for selector: phonetics (222920 bytes read) | backup/basic: HTTP 403 for https://www.collinsdictionary.com/dictionary/german-english/versorgen | backup/browser: Browser fetch timed out for https://www.collinsdictionary.com/dictionary/german-english/versorgen (title='English Translation of “VERSORGEN” | Collins German-English Dictionary', bytes=360707)"
verstecken,verb,,"primary/basic: No IPA found for selector: phonetics (210415 bytes read) | backup/basic: HTTP 403 for https://www.collinsdictionary.com/dictionary/german-english/verstecken | backup/browser: Browser fetch timed out for https://www.collinsdictionary.com/dictionary/german-english/verstecken (title='English Translation of “VERSTECKEN” | Collins German-English Dictionary', bytes=391566)"
verstärken,verb,,"primary/basic: No IPA found for selector: phonetics (213520 bytes read) | backup/basic: HTTP 403 for https://www.collinsdictionary.com/dictionary/german-english/verst%C3%A4rken | backup/browser: Browser fetch timed out for https://www.collinsdictionary.com/dictionary/german-english/verst%C3%A4rken (title='English Translation of “VERSTÄRKEN” | Collins German-English Dictionary', bytes=316437)"
versuchen,verb,,"primary/basic: No IPA found for selector: phonetics (274346 bytes read) | backup/basic: HTTP 403 for https://www.collinsdictionary.com/dictionary/german-english/versuchen | backup/browser: Browser fetch timed out for https://www.collinsdictionary.com/dictionary/german-english/versuchen (title='English Translation of “VERSUCHEN” | Collins German-English Dictionary', bytes=396614)"
verteilen,verb,,"primary/basic: No IPA found for selector: phonetics (229830 bytes read) | backup/basic: HTTP 403 for https://www.collinsdictionary.com/dictionary/german-english/verteilen | backup/browser: Browser fetch timed out for https://www.collinsdictionary.com/dictionary/german-english/verteilen (title='English Translation of “VERTEILEN” | Collins German-English Dictionary', bytes=508449)"
Verteilung,noun,die,"primary/basic: No IPA found for selector: phonetics (190298 bytes read) | backup/basic: HTTP 403 for https://www.collinsdictionary.com/dictionary/german-english/Verteilung | backup/browser: Browser fetch timed out for https://www.collinsdictionary.com/dictionary/german-english/Verteilung (title='English Translation of “VERTEILUNG” | Collins German-English Dictionary', bytes=375937)"
vertraut,adjective,,"primary/basic: No IPA found for selector: phonetics (298039 bytes read) | backup/basic: HTTP 403 for https://www.collinsdictionary.com/dictionary/german-english/vertraut | backup/browser: Browser fetch timed out for https://www.collinsdictionary.com/dictionary/german-english/vertraut (title='English Translation of “VERTRAUT” | Collins German-English Dictionary', bytes=243744)"
vertreiben,verb,,"primary/basic: No IPA found for selector: phonetics (618827 bytes read) | backup/basic: HTTP 403 for https://www.collinsdictionary.com/dictionary/german-english/vertreiben | backup/browser: Browser fetch timed out for https://www.collinsdictionary.com/dictionary/german-english/vertreiben (title='English Translation of “VERTREIBEN” | Collins German-English Dictionary', bytes=388263)"
vertreten,verb,,"primary/basic: No IPA found for selector: phonetics (240266 bytes read) | backup/basic: HTTP 403 for https://www.collinsdictionary.com/dictionary/german-english/vertreten | backup/browser: Browser fetch timed out for https://www.collinsdictionary.com/dictionary/german-english/vertreten (title='English Translation of “VERTRETEN” | Collins German-English Dictionary', bytes=390727)"
Vertretung,noun,die,"primary/basic: No IPA found for selector: phonetics (255070 bytes read) | backup/basic: HTTP 403 for https://www.collinsdictionary.com/dictionary/german-english/Vertretung | backup/browser: Browser fetch timed out for https://www.collinsdictionary.com/dictionary/german-english/Vertretung (title='English Translation of “VERTRETUNG” | Collins German-English Dictionary', bytes=228115)"
verurteilen,verb,,"primary/basic: No IPA found for selector: phonetics (213563 bytes read) | backup/basic: HTTP 403 for https://www.collinsdictionary.com/dictionary/german-english/verurteilen | backup/browser: Browser fetch timed out for https://www.collinsdictionary.com/dictionary/german-english/verurteilen (title='English Translation of “VERURTEILEN” | Collins German-English Dictionary', bytes=400774)"
verwandeln,verb,,"primary/basic: No IPA found for selector: phonetics (207478 bytes read) | backup/basic: HTTP 403 for https://www.collinsdictionary.com/dictionary/german-english/verwandeln | backup/browser: Browser fetch timed out for https://www.collinsdictionary.com/dictionary/german-english/verwandeln (title='English Translation of “VERWANDELN” | Collins German-English Dictionary', bytes=351349)"
verweigern,verb,,"primary/basic: No IPA found for selector: phonetics (295425 bytes read) | backup/basic: HTTP 403 for https://www.collinsdictionary.com/dictionary/german-english/verweigern | backup/browser: Browser fetch timed out for https://www.collinsdictionary.com/dictionary/german-english/verweigern (title='English Translation of “VERWEIGERN” | Collins German-English Dictionary', bytes=374775)"
verweisen,verb,,"primary/basic: No IPA found for selector: phonetics (247781 bytes read) | backup/basic: HTTP 403 for https://www.collinsdictionary.com/dictionary/german-english/verweisen | backup/browser: Browser fetch timed out for https://www.collinsdictionary.com/dictionary/german-english/verweisen (title='English Translation of “VERWEISEN” | Collins German-English Dictionary', bytes=278967)"
Verwendung,noun,die,"primary/basic: No IPA found for selector: phonetics (223423 bytes read) | backup/basic: HTTP 403 for https://www.collinsdictionary.com/dictionary/german-english/Verwendung | backup/browser: Browser fetch timed out for https://www.collinsdictionary.com/dictionary/german-english/Verwendung (title='English Translation of “VERWENDUNG” | Collins German-English Dictionary', bytes=212922)"
verwundern,verb,,"primary/basic: No IPA found for selector: phonetics (170077 bytes read) | backup/basic: HTTP 403 for https://www.collinsdictionary.com/dictionary/german-english/verwundern | backup/browser: Browser fetch timed out for https://www.collinsdictionary.com/dictionary/german-english/verwundern (title='English Translation of “VERWUNDERN” | Collins German-English Dictionary', bytes=258422)"
verzeichnen,verb,,"primary/basic: No IPA found for selector: phonetics (177780 bytes read) | backup/basic: HTTP 403 for https://www.collinsdictionary.com/dictionary/german-english/verzeichnen | backup/browser: Browser fetch timed out for https://www.collinsdictionary.com/dictionary/german-english/verzeichnen (title='English Translation of “VERZEICHNEN” | Collins German-English Dictionary', bytes=353377)"
verzweifeln,verb,,"primary/basic: No IPA found for selector: phonetics (196868 bytes read) | backup/basic: HTTP 403 for https://www.collinsdictionary.com/dictionary/german-english/verzweifeln | backup/browser: Browser fetch timed out for https://www.collinsdictionary.com/dictionary/german-english/verzweifeln (title='English Translation of “VERZWEIFELN” | Collins German-English Dictionary', bytes=363276)"
verändern,verb,,"primary/basic: No IPA found for selector: phonetics (211594 bytes read) | backup/basic: HTTP 403 for https://www.collinsdictionary.com/dictionary/german-english/ver%C3%A4ndern | backup/browser: Browser fetch timed out for https://www.collinsdictionary.com/dictionary/german-english/ver%C3%A4ndern (title='English Translation of “VERÄNDERN” | Collins German-English Dictionary', bytes=355686)"
Veränderung,noun,die,"primary/basic: No IPA found for selector: phonetics (190643 bytes read) | backup/basic: HTTP 403 for https://www.collinsdictionary.com/dictionary/german-english/Ver%C3%A4nderung | backup/browser: Browser fetch timed out for https://www.collinsdictionary.com/dictionary/german-english/Ver%C3%A4nderung (title='Collins Online Dictionary | Definitions, Thesaurus and Translations', bytes=290149)"
Veröffentlichung,noun,die,"primary/basic: No IPA found for selector: phonetics (157929 bytes read) | backup/basic: HTTP 403 for https://www.collinsdictionary.com/dictionary/german-english/Ver%C3%B6ffentlichung | backup/browser: Browser fetch timed out for https://www.collinsdictionary.com/dictionary/german-english/Ver%C3%B6ffentlichung (title='Collins Online Dictionary | Definitions, Thesaurus and Translations', bytes=303758)"
Vielzahl,noun,die,"primary/basic: No IPA found for selector: phonetics (161695 bytes read) | backup/basic: HTTP 403 for https://www.collinsdictionary.com/dictionary/german-english/Vielzahl | backup/browser: Browser fetch timed out for https://www.collinsdictionary.com/dictionary/german-english/Vielzahl (title='English Translation of “VIELZAHL” | Collins German-English Dictionary', bytes=292321)"
Volkshochschule,noun,die,"primary/basic: No IPA found for selector: phonetics (157759 bytes read) | backup/basic: HTTP 403 for https://www.collinsdictionary.com/dictionary/german-english/Volkshochschule | backup/browser: Browser fetch timed out for https://www.collinsdictionary.com/dictionary/german-english/Volkshochschule (title='English Translation of “VOLKSHOCHSCHULE” | Collins German-English Dictionary', bytes=345106)"
Volkswirtschaft,noun,die,"primary/basic: No IPA found for selector: phonetics (163558 bytes read) | backup/basic: HTTP 403 for https://www.collinsdictionary.com/dictionary/german-english/Volkswirtschaft | backup/browser: Browser fetch timed out for https://www.collinsdictionary.com/dictionary/german-english/Volkswirtschaft (title='English Translation of “VOLKSWIRTSCHAFT” | Collins German-English Dictionary', bytes=277261)"
vorangehen,verb,,"primary/basic: No IPA found for selector: phonetics (210290 bytes read) | backup/basic: HTTP 403 for https://www.collinsdictionary.com/dictionary/german-english/vorangehen | backup/browser: Browser fetch timed out for https://www.collinsdictionary.com/dictionary/german-english/vorangehen (title='English Translation of “VORANGEHEN” | Collins German-English Dictionary', bytes=284236)"
voraussetzen,verb,,"primary/basic: No IPA found for selector: phonetics (208034 bytes read) | backup/basic: HTTP 403 for https://www.collinsdictionary.com/dictionary/german-english/voraussetzen | backup/browser: Browser fetch timed out for https://www.collinsdictionary.com/dictionary/german-english/voraussetzen (title='English Translation of “VORAUSSETZEN” | Collins German-English Dictionary', bytes=230178)"
vorbereiten,verb,,"primary/basic: No IPA found for selector: phonetics (208841 bytes read) | backup/basic: HTTP 403 for https://www.collinsdictionary.com/dictionary/german-english/vorbereiten | backup/browser: Browser fetch timed out for https://www.collinsdictionary.com/dictionary/german-english/vorbereiten (title='English Translation of “VORBEREITEN” | Collins German-English Dictionary', bytes=385724)"
Vorbereitung,noun,die,"primary/basic: No IPA found for selector: phonetics (168625 bytes read) | backup/basic: HTTP 403 for https://www.collinsdictionary.com/dictionary/german-english/Vorbereitung | backup/browser: Browser fetch timed out for https://www.collinsdictionary.com/dictionary/german-english/Vorbereitung (title='English Translation of “VORBEREITUNG” | Collins German-English Dictionary', bytes=305022)"
vorbeugen,verb,,"primary/basic: No IPA found for selector: phonetics (207213 bytes read) | backup/basic: HTTP 403 for https://www.collinsdictionary.com/dictionary/german-english/vorbeugen | backup/browser: Browser fetch timed out for https://www.collinsdictionary.com/dictionary/german-english/vorbeugen (title='English Translation of “VORBEUGEN” | Collins German-English Dictionary', bytes=366078)"
Vordergrund,noun,der,"primary/basic: No IPA found for selector: phonetics (192420 bytes read) | backup/basic: HTTP 403 for https://www.collinsdictionary.com/dictionary/german-english/Vordergrund | backup/browser: Browser fetch timed out for https://www.collinsdictionary.com/dictionary/german-english/Vordergrund (title='English Translation of “VORDERGRUND” | Collins German-English Dictionary', bytes=382434)"
Vorfeld,noun,das,"primary/basic: No IPA found for selector: phonetics (159196 bytes read) | backup/basic: HTTP 403 for https://www.collinsdictionary.com/dictionary/german-english/Vorfeld | backup/browser: Browser fetch timed out for https://www.collinsdictionary.com/dictionary/german-english/Vorfeld (title='English Translation of “VORFELD” | Collins German-English Dictionary', bytes=376243)"
Vorgabe,noun,die,"primary/basic: No IPA found for selector: phonetics (152854 bytes read) | backup/basic: HTTP 403 for https://www.collinsdictionary.com/dictionary/german-english/Vorgabe | backup/browser: Browser fetch timed out for https://www.collinsdictionary.com/dictionary/german-english/Vorgabe (title='English Translation of “VORGABE” | Collins German-English Dictionary', bytes=342339)"
Vorgang,noun,der,"primary/basic: No IPA found for selector: phonetics (193410 bytes read) | backup/basic: HTTP 403 for https://www.collinsdictionary.com/dictionary/german-english/Vorgang | backup/browser: Browser fetch timed out for https://www.collinsdictionary.com/dictionary/german-english/Vorgang (title='English Translation of “VORGANG” | Collins German-English Dictionary', bytes=371059)"
vorgeben,verb,,"primary/basic: No IPA found for selector: phonetics (178523 bytes read) | backup/basic: HTTP 403 for https://www.collinsdictionary.com/dictionary/german-english/vorgeben | backup/browser: Browser fetch timed out for https://www.collinsdictionary.com/dictionary/german-english/vorgeben (title='English Translation of “VORGEBEN” | Collins German-English Dictionary', bytes=393982)"
Vorgehen,noun,das,"primary/basic: No IPA found for selector: phonetics (245268 bytes read) | backup/basic: HTTP 403 for https://www.collinsdictionary.com/dictionary/german-english/Vorgehen | backup/browser: Browser fetch timed out for https://www.collinsdictionary.com/dictionary/german-english/Vorgehen (title='English Translation of “VORGEHEN” | Collins German-English Dictionary', bytes=308472)"
vorgehen,verb,,"primary/basic: No IPA found for selector: phonetics (247086 bytes read) | backup/basic: HTTP 403 for https://www.collinsdictionary.com/dictionary/german-english/vorgehen | backup/browser: Browser fetch timed out for https://www.collinsdictionary.com/dictionary/german-english/vorgehen (title='English Translation of “VORGEHEN” | Collins German-English Dictionary', bytes=379533)"
Vorgänger,noun,der,"primary/basic: No IPA found for selector: phonetics (157158 bytes read) | backup/basic: HTTP 403 for https://www.collinsdictionary.com/dictionary/german-english/Vorg%C3%A4nger | backup/browser: Browser fetch timed out for https://www.collinsdictionary.com/dictionary/german-english/Vorg%C3%A4nger (title='Collins Online Dictionary | Definitions, Thesaurus and Translations', bytes=225350)"
vorherrschen,verb,,"primary/basic: No IPA found for selector: phonetics (167833 bytes read) | backup/basic: HTTP 403 for https://www.collinsdictionary.com/dictionary/german-english/vorherrschen | backup/browser: Browser fetch timed out for https://www.collinsdictionary.com/dictionary/german-english/vorherrschen (title='English Translation of “VORHERRSCHEN” | Collins German-English Dictionary', bytes=378151)"
Vorjahr,noun,das,"primary/basic: No IPA found for selector: phonetics (169039 bytes read) | backup/basic: HTTP 403 for https://www.collinsdictionary.com/dictionary/german-english/Vorjahr | backup/browser: Browser fetch timed out for https://www.collinsdictionary.com/dictionary/german-english/Vorjahr (title='English Translation of “VORJAHR” | Collins German-English Dictionary', bytes=370347)"
Vorlage,noun,die,"primary/basic: No IPA found for selector: phonetics (238371 bytes read) | backup/basic: HTTP 403 for https://www.collinsdictionary.com/dictionary/german-english/Vorlage | backup/browser: Browser fetch timed out for https://www.collinsdictionary.com/dictionary/german-english/Vorlage (title='English Translation of “VORLAGE” | Collins German-English Dictionary', bytes=374367)"
vorlegen,verb,,"primary/basic: No IPA found for selector: phonetics (211816 bytes read) | backup/basic: HTTP 403 for https://www.collinsdictionary.com/dictionary/german-english/vorlegen | backup/browser: Browser fetch timed out for https://www.collinsdictionary.com/dictionary/german-english/vorlegen (title='English Translation of “VORLEGEN” | Collins German-English Dictionary', bytes=341905)"
vorlesen,verb,,"primary/basic: No IPA found for selector: phonetics (195319 bytes read) | backup/basic: HTTP 403 for https://www.collinsdictionary.com/dictionary/german-english/vorlesen | backup/browser: Browser fetch timed out for https://www.collinsdictionary.com/dictionary/german-english/vorlesen (title='English Translation of “VORLESEN” | Collins German-English Dictionary', bytes=365455)"
Vorlesung,noun,die,"primary/basic: No IPA found for selector: phonetics (171902 bytes read) | backup/basic: HTTP 403 for https://www.collinsdictionary.com/dictionary/german-english/Vorlesung | backup/browser: Browser fetch timed out for https://www.collinsdictionary.com/dictionary/german-english/Vorlesung (title='English Translation of “VORLESUNG” | Collins German-English Dictionary', bytes=342221)"
vorliegen,verb,,"primary/basic: No IPA found for selector: phonetics (227268 bytes read) | backup/basic: HTTP 403 for https://www.collinsdictionary.com/dictionary/german-english/vorliegen | backup/browser: Browser fetch timed out for https://www.collinsdictionary.com/dictionary/german-english/vorliegen (title='English Translation of “VORLIEGEN” | Collins German-English Dictionary', bytes=295686)"
"vorne, vorn",adverb,,"primary/basic: No IPA found for selector: phonetics (390516 bytes read) | backup/basic: HTTP 403 for https://www.collinsdictionary.com/dictionary/german-english/vorne%2C%20vorn | backup/browser: Browser fetch timed out for https://www.collinsdictionary.com/dictionary/german-english/vorne%2C%20vorn (title='Collins Online Dictionary | Definitions, Thesaurus and Translations', bytes=287685)"
vornehmen,verb,,"primary/basic: No IPA found for selector: phonetics (296764 bytes read) | backup/basic: HTTP 403 for https://www.collinsdictionary.com/dictionary/german-english/vornehmen | backup/browser: Browser fetch timed out for https://www.collinsdictionary.com/dictionary/german-english/vornehmen (title='English Translation of “VORNEHMEN” | Collins German-English Dictionary', bytes=360346)"
Vorschlag,noun,der,"primary/basic: No IPA found for selector: phonetics (187755 bytes read) | backup/basic: HTTP 403 for https://www.collinsdictionary.com/dictionary/german-english/Vorschlag | backup/browser: Browser fetch timed out for https://www.collinsdictionary.com/dictionary/german-english/Vorschlag (title='English Translation of “VORSCHLAG” | Collins German-English Dictionary', bytes=376438)"
vorschlagen,verb,,"primary/basic: No IPA found for selector: phonetics (185200 bytes read) | backup/basic: HTTP 403 for https://www.collinsdictionary.com/dictionary/german-english/vorschlagen | backup/browser: Browser fetch timed out for https://www.collinsdictionary.com/dictionary/german-english/vorschlagen (title='English Translation of “VORSCHLAGEN” | Collins German-English Dictionary', bytes=376628)"
vorschreiben,verb,,"primary/basic: No IPA found for selector: phonetics (189092 bytes read) | backup/basic: HTTP 403 for https://www.collinsdictionary.com/dictionary/german-english/vorschreiben | backup/browser: Browser fetch timed out for https://www.collinsdictionary.com/dictionary/german-english/vorschreiben (title='English Translation of “VORSCHREIBEN” | Collins German-English Dictionary', bytes=375062)"
Vorschrift,noun,die,"primary/basic: No IPA found for selector: phonetics (217359 bytes read) | backup/basic: HTTP 403 for https://www.collinsdictionary.com/dictionary/german-english/Vorschrift | backup/browser: Browser fetch timed out for https://www.collinsdictionary.com/dictionary/german-english/Vorschrift (title='English Translation of “VORSCHRIFT” | Collins German-English Dictionary', bytes=382747)"
vorsehen,verb,,"primary/basic: No IPA found for selector: phonetics (233798 bytes read) | backup/basic: HTTP 403 for https://www.collinsdictionary.com/dictionary/german-english/vorsehen | backup/browser: Browser fetch timed out for https://www.collinsdictionary.com/dictionary/german-english/vorsehen (title='English Translation of “VORSEHEN” | Collins German-English Dictionary', bytes=384609)"
Vorstand,noun,der,"primary/basic: No IPA found for selector: phonetics (246418 bytes read) | backup/basic: HTTP 403 for https://www.collinsdictionary.com/dictionary/german-english/Vorstand | backup/browser: Browser fetch timed out for https://www.collinsdictionary.com/dictionary/german-english/Vorstand (title='English Translation of “VORSTAND” | Collins German-English Dictionary', bytes=265681)"
vorstellen,verb,,"primary/basic: No IPA found for selector: phonetics (252900 bytes read) | backup/basic: HTTP 403 for https://www.collinsdictionary.com/dictionary/german-english/vorstellen | backup/browser: Browser fetch timed out for https://www.collinsdictionary.com/dictionary/german-english/vorstellen (title='English Translation of “VORSTELLEN” | Collins German-English Dictionary', bytes=275087)"
Vorstellung,noun,die,"primary/basic: No IPA found for selector: phonetics (237477 bytes read) | backup/basic: HTTP 403 for https://www.collinsdictionary.com/dictionary/german-english/Vorstellung | backup/browser: Browser fetch timed out for https://www.collinsdictionary.com/dictionary/german-english/Vorstellung (title='English Translation of “VORSTELLUNG” | Collins German-English Dictionary', bytes=456209)"
vortragen,verb,,"primary/basic: No IPA found for selector: phonetics (195860 bytes read) | backup/basic: HTTP 403 for https://www.collinsdictionary.com/dictionary/german-english/vortragen | backup/browser: Browser fetch timed out for https://www.collinsdictionary.com/dictionary/german-english/vortragen (title='English Translation of “VORTRAGEN” | Collins German-English Dictionary', bytes=368422)"
vorwerfen,verb,,"primary/basic: No IPA found for selector: phonetics (204476 bytes read) | backup/basic: HTTP 403 for https://www.collinsdictionary.com/dictionary/german-english/vorwerfen | backup/browser: Browser fetch timed out for https://www.collinsdictionary.com/dictionary/german-english/vorwerfen (title='English Translation of “VORWERFEN” | Collins German-English Dictionary', bytes=309898)"
Vorwurf,noun,der,"primary/basic: No IPA found for selector: phonetics (181292 bytes read) | backup/basic: HTTP 403 for https://www.collinsdictionary.com/dictionary/german-english/Vorwurf | backup/browser: Browser fetch timed out for https://www.collinsdictionary.com/dictionary/german-english/Vorwurf (title='English Translation of “VORWURF” | Collins German-English Dictionary', bytes=278106)"
vorziehen,verb,,"primary/basic: No IPA found for selector: phonetics (204540 bytes read) | backup/basic: HTTP 403 for https://www.collinsdictionary.com/dictionary/german-english/vorziehen | backup/browser: Browser fetch timed out for https://www.collinsdictionary.com/dictionary/german-english/vorziehen (title='English Translation of “VORZIEHEN” | Collins German-English Dictionary', bytes=327870)"
vorübergehend,adjective,,"primary/basic: No IPA found for selector: phonetics (227067 bytes read) | backup/basic: HTTP 403 for https://www.collinsdictionary.com/dictionary/german-english/vor%C3%BCbergehend | backup/browser: Browser fetch timed out for https://www.collinsdictionary.com/dictionary/german-english/vor%C3%BCbergehend (title='English Translation of “VORÜBERGEHEND” | Collins German-English Dictionary', bytes=406688)"
Wahlkampf,noun,der,"primary/basic: No IPA found for selector: phonetics (157086 bytes read) | backup/basic: HTTP 403 for https://www.collinsdictionary.com/dictionary/german-english/Wahlkampf | backup/browser: Browser fetch timed out for https://www.collinsdictionary.com/dictionary/german-english/Wahlkampf (title='English Translation of “WAHLKAMPF” | Collins German-English Dictionary', bytes=301555)"
wahnsinnig,adjective,,"primary/basic: No IPA found for selector: phonetics (262156 bytes read) | backup/basic: HTTP 403 for https://www.collinsdictionary.com/dictionary/german-english/wahnsinnig | backup/browser: Browser fetch timed out for https://www.collinsdictionary.com/dictionary/german-english/wahnsinnig (title='English Translation of “WAHNSINNIG” | Collins German-English Dictionary', bytes=399829)"
Wahrscheinlichkeit,noun,die,"primary/basic: No IPA found for selector: phonetics (180460 bytes read) | backup/basic: HTTP 403 for https://www.collinsdictionary.com/dictionary/german-english/Wahrscheinlichkeit | backup/browser: Browser fetch timed out for https://www.collinsdictionary.com/dictionary/german-english/Wahrscheinlichkeit (title='English Translation of “WAHRSCHEINLICHKEIT” | Collins German-English Dictionary', bytes=398558)"
Wechselwirkung,noun,die,"primary/basic: No IPA found for selector: phonetics (154976 bytes read) | backup/basic: HTTP 403 for https://www.collinsdictionary.com/dictionary/german-english/Wechselwirkung | backup/browser: Browser fetch timed out for https://www.collinsdictionary.com/dictionary/german-english/Wechselwirkung (title='English Translation of “WECHSELWIRKUNG” | Collins German-English Dictionary', bytes=266085)"
wegnehmen,verb,,"primary/basic: No IPA found for selector: phonetics (174403 bytes read) | backup/basic: HTTP 403 for https://www.collinsdictionary.com/dictionary/german-english/wegnehmen | backup/browser: Browser fetch timed out for https://www.collinsdictionary.com/dictionary/german-english/wegnehmen (title='English Translation of “WEGNEHMEN” | Collins German-English Dictionary', bytes=199629)"
Weiterbildung,noun,die,"primary/basic: No IPA found for selector: phonetics (171351 bytes read) | backup/basic: HTTP 403 for https://www.collinsdictionary.com/dictionary/german-english/Weiterbildung | backup/browser: Browser fetch timed out for https://www.collinsdictionary.com/dictionary/german-english/Weiterbildung (title='English Translation of “WEITERBILDUNG” | Collins German-English Dictionary', bytes=429295)"
"weitere (r, s)",adjective,,"primary/basic: No IPA found for selector: phonetics (1103790 bytes read) | backup/basic: HTTP 403 for https://www.collinsdictionary.com/dictionary/german-english/weitere%20%28r%2C%20s%29 | backup/browser: Browser fetch timed out for https://www.collinsdictionary.com/dictionary/german-english/weitere%20%28r%2C%20s%29 (title='Collins Online Dictionary | Definitions, Thesaurus and Translations', bytes=287861)"
weitergeben,verb,,"primary/basic: No IPA found for selector: phonetics (164015 bytes read) | backup/basic: HTTP 403 for https://www.collinsdictionary.com/dictionary/german-english/weitergeben | backup/browser: Browser fetch timed out for https://www.collinsdictionary.com/dictionary/german-english/weitergeben (title='English Translation of “WEITERGEBEN” | Collins German-English Dictionary', bytes=272733)"
weitergehen,verb,,"primary/basic: No IPA found for selector: phonetics (176161 bytes read) | backup/basic: HTTP 403 for https://www.collinsdictionary.com/dictionary/german-english/weitergehen | backup/browser: Browser fetch timed out for https://www.collinsdictionary.com/dictionary/german-english/weitergehen (title='English Translation of “WEITERGEHEN” | Collins German-English Dictionary', bytes=367913)"
weitermachen,verb,,"primary/basic: No IPA found for selector: phonetics (180886 bytes read) | backup/basic: HTTP 403 for https://www.collinsdictionary.com/dictionary/german-english/weitermachen | backup/browser: Browser fetch timed out for https://www.collinsdictionary.com/dictionary/german-english/weitermachen (title='English Translation of “WEITERMACHEN” | Collins German-English Dictionary', bytes=357135)"
weitgehend,adjective,,"primary/basic: No IPA found for selector: phonetics (168139 bytes read) | backup/basic: HTTP 403 for https://www.collinsdictionary.com/dictionary/german-english/weitgehend | backup/browser: Browser fetch timed out for https://www.collinsdictionary.com/dictionary/german-english/weitgehend (title='English Translation of “WEITGEHEND” | Collins German-English Dictionary', bytes=386609)"
Weltkrieg,noun,der,"primary/basic: No IPA found for selector: phonetics (170336 bytes read) | backup/basic: HTTP 403 for https://www.collinsdictionary.com/dictionary/german-english/Weltkrieg | backup/browser: Browser fetch timed out for https://www.collinsdictionary.com/dictionary/german-english/Weltkrieg (title='English Translation of “WELTKRIEG” | Collins German-English Dictionary', bytes=268115)"
Weltmeister,noun,der,"primary/basic: No IPA found for selector: phonetics (153588 bytes read) | backup/basic: HTTP 403 for https://www.collinsdictionary.com/dictionary/german-english/Weltmeister | backup/browser: Browser fetch timed out for https://www.collinsdictionary.com/dictionary/german-english/Weltmeister (title='English Translation of “WELTMEISTER” | Collins German-English Dictionary', bytes=287267)"
Weltmeisterschaft,noun,die,"primary/basic: No IPA found for selector: phonetics (158633 bytes read) | backup/basic: HTTP 403 for https://www.collinsdictionary.com/dictionary/german-english/Weltmeisterschaft | backup/browser: Browser fetch timed out for https://www.collinsdictionary.com/dictionary/german-english/Weltmeisterschaft (title='English Translation of “WELTMEISTERSCHAFT” | Collins German-English Dictionary', bytes=380757)"
weltweit,adjective,,"primary/basic: No IPA found for selector: phonetics (176296 bytes read) | backup/basic: HTTP 403 for https://www.collinsdictionary.com/dictionary/german-english/weltweit | backup/browser: Browser fetch timed out for https://www.collinsdictionary.com/dictionary/german-english/weltweit (title='English Translation of “WELTWEIT” | Collins German-English Dictionary', bytes=275197)"
Werkstatt,noun,die,"primary/basic: No IPA found for selector: phonetics (173693 bytes read) | backup/basic: HTTP 403 for https://www.collinsdictionary.com/dictionary/german-english/Werkstatt | backup/browser: Browser fetch timed out for https://www.collinsdictionary.com/dictionary/german-english/Werkstatt (title='English Translation of “WERKSTATT” | Collins German-English Dictionary', bytes=265689)"
Werkzeug,noun,das,"primary/basic: No IPA found for selector: phonetics (178035 bytes read) | backup/basic: HTTP 403 for https://www.collinsdictionary.com/dictionary/german-english/Werkzeug | backup/browser: Browser fetch timed out for https://www.collinsdictionary.com/dictionary/german-english/Werkzeug (title='English Translation of “WERKZEUG” | Collins German-English Dictionary', bytes=249025)"
wertvoll,adjective,,"primary/basic: No IPA found for selector: phonetics (156453 bytes read) | backup/basic: HTTP 403 for https://www.collinsdictionary.com/dictionary/german-english/wertvoll | backup/browser: Browser fetch timed out for https://www.collinsdictionary.com/dictionary/german-english/wertvoll (title='English Translation of “WERTVOLL” | Collins German-English Dictionary', bytes=365305)"
Westen/West,noun,der,"primary/basic: HTTP 404 for https://en.pons.com/translate/german-english/Westen/West | primary/browser: Browser fetch timed out for https://en.pons.com/translate/german-english/Westen/West (title='PONS', bytes=137385) | backup/basic: HTTP 403 for https://www.collinsdictionary.com/dictionary/german-english/Westen/West | backup/browser: Browser fetch timed out for https://www.collinsdictionary.com/dictionary/german-english/Westen/West (title='Collins English Dictionary | Page Not Found (404)', bytes=337826)"
Wirklichkeit,noun,die,"primary/basic: No IPA found for selector: phonetics (180102 bytes read) | backup/basic: HTTP 403 for https://www.collinsdictionary.com/dictionary/german-english/Wirklichkeit | backup/browser: Browser fetch timed out for https://www.collinsdictionary.com/dictionary/german-english/Wirklichkeit (title='English Translation of “WIRKLICHKEIT” | Collins German-English Dictionary', bytes=375643)"
Wirtschaftspolitik,noun,die,"primary/basic: No IPA found for selector: phonetics (158103 bytes read) | backup/basic: HTTP 403 for https://www.collinsdictionary.com/dictionary/german-english/Wirtschaftspolitik | backup/browser: Browser fetch timed out for https://www.collinsdictionary.com/dictionary/german-english/Wirtschaftspolitik (title='English Translation of “WIRTSCHAFTSPOLITIK” | Collins German-English Dictionary', bytes=351451)"
Wohnzimmer,noun,das,"primary/basic: No IPA found for selector: phonetics (165843 bytes read) | backup/basic: HTTP 403 for https://www.collinsdictionary.com/dictionary/german-english/Wohnzimmer | backup/browser: Browser fetch timed out for https://www.collinsdictionary.com/dictionary/german-english/Wohnzimmer (title='English Translation of “WOHNZIMMER” | Collins German-English Dictionary', bytes=300690)"
Wähler,noun,der,"primary/basic: No IPA found for selector: phonetics (168764 bytes read) | backup/basic: HTTP 403 for https://www.collinsdictionary.com/dictionary/german-english/W%C3%A4hler | backup/browser: Browser fetch timed out for https://www.collinsdictionary.com/dictionary/german-english/W%C3%A4hler (title='Collins Online Dictionary | Definitions, Thesaurus and Translations', bytes=228584)"
zahlreich,adjective,,"primary/basic: No IPA found for selector: phonetics (174546 bytes read) | backup/basic: HTTP 403 for https://www.collinsdictionary.com/dictionary/german-english/zahlreich | backup/browser: Browser fetch timed out for https://www.collinsdictionary.com/dictionary/german-english/zahlreich (title='English Translation of “ZAHLREICH” | Collins German-English Dictionary', bytes=276827)"
Zeitpunkt,noun,der,"primary/basic: No IPA found for selector: phonetics (189501 bytes read) | backup/basic: HTTP 403 for https://www.collinsdictionary.com/dictionary/german-english/Zeitpunkt | backup/browser: Browser fetch timed out for https://www.collinsdictionary.com/dictionary/german-english/Zeitpunkt (title='English Translation of “ZEITPUNKT” | Collins German-English Dictionary', bytes=199643)"
Zeltraum,noun,der,"primary/basic: No IPA found for selector: phonetics (138610 bytes read) | backup/basic: HTTP 403 for https://www.collinsdictionary.com/dictionary/german-english/Zeltraum | backup/browser: Browser fetch timed out for https://www.collinsdictionary.com/dictionary/german-english/Zeltraum (title='Collins Online Dictionary | Definitions, Thesaurus and Translations', bytes=283264)"
zerreißen,verb,,"primary/basic: No IPA found for selector: phonetics (233776 bytes read) | backup/basic: HTTP 403 for https://www.collinsdictionary.com/dictionary/german-english/zerrei%C3%9Fen | backup/browser: Browser fetch timed out for https://www.collinsdictionary.com/dictionary/german-english/zerrei%C3%9Fen (title='English Translation of “ZERREISSEN” | Collins German-English Dictionary', bytes=380945)"
zerstören,verb,,"primary/basic: No IPA found for selector: phonetics (185214 bytes read) | backup/basic: HTTP 403 for https://www.collinsdictionary.com/dictionary/german-english/zerst%C3%B6ren | backup/browser: Browser fetch timed out for https://www.collinsdictionary.com/dictionary/german-english/zerst%C3%B6ren (title='English Translation of “ZERSTÖREN” | Collins German-English Dictionary', bytes=388712)"
Zerstörung,noun,die,"primary/basic: No IPA found for selector: phonetics (174168 bytes read) | backup/basic: HTTP 403 for https://www.collinsdictionary.com/dictionary/german-english/Zerst%C3%B6rung | backup/browser: Browser fetch timed out for https://www.collinsdictionary.com/dictionary/german-english/Zerst%C3%B6rung (title='Collins Online Dictionary | Definitions, Thesaurus and Translations', bytes=284238)"
Zinssatz,noun,der,"primary/basic: No IPA found for selector: phonetics (204770 bytes read) | backup/basic: HTTP 403 for https://www.collinsdictionary.com/dictionary/german-english/Zinssatz | backup/browser: Browser fetch timed out for https://www.collinsdictionary.com/dictionary/german-english/Zinssatz (title='English Translation of “ZINSSATZ” | Collins German-English Dictionary', bytes=318447)"
Zufall,noun,der,"primary/basic: No IPA found for selector: phonetics (210234 bytes read) | backup/basic: HTTP 403 for https://www.collinsdictionary.com/dictionary/german-english/Zufall | backup/browser: Browser fetch timed out for https://www.collinsdictionary.com/dictionary/german-english/Zufall (title='English Translation of “ZUFALL” | Collins German-English Dictionary', bytes=368761)"
zufällig,adjective,,"primary/basic: No IPA found for selector: phonetics (201643 bytes read) | backup/basic: HTTP 403 for https://www.collinsdictionary.com/dictionary/german-english/zuf%C3%A4llig | backup/browser: Browser fetch timed out for https://www.collinsdictionary.com/dictionary/german-english/zuf%C3%A4llig (title='English Translation of “ZUFÄLLIG” | Collins German-English Dictionary', bytes=309849)"
zuführen,verb,,"primary/basic: No IPA found for selector: phonetics (213887 bytes read) | backup/basic: HTTP 403 for https://www.collinsdictionary.com/dictionary/german-english/zuf%C3%BChren | backup/browser: Browser fetch timed out for https://www.collinsdictionary.com/dictionary/german-english/zuf%C3%BChren (title='English Translation of “ZUFÜHREN” | Collins German-English Dictionary', bytes=360486)"
zugeben,verb,,"primary/basic: No IPA found for selector: phonetics (193356 bytes read) | backup/basic: HTTP 403 for https://www.collinsdictionary.com/dictionary/german-english/zugeben | backup/browser: Browser fetch timed out for https://www.collinsdictionary.com/dictionary/german-english/zugeben (title='English Translation of “ZUGEBEN” | Collins German-English Dictionary', bytes=399194)"
zugehen,verb,,"primary/basic: No IPA found for selector: phonetics (865670 bytes read) | backup/basic: HTTP 403 for https://www.collinsdictionary.com/dictionary/german-english/zugehen | backup/browser: Browser fetch timed out for https://www.collinsdictionary.com/dictionary/german-english/zugehen (title='English Translation of “ZUGEHEN” | Collins German-English Dictionary', bytes=382810)"
Zugriff,noun,der,"primary/basic: No IPA found for selector: phonetics (218864 bytes read) | backup/basic: HTTP 403 for https://www.collinsdictionary.com/dictionary/german-english/Zugriff | backup/browser: Browser fetch timed out for https://www.collinsdictionary.com/dictionary/german-english/Zugriff (title='English Translation of “ZUGRIFF” | Collins German-English Dictionary', bytes=371626)"
zuhören,verb,,"primary/basic: No IPA found for selector: phonetics (185490 bytes read) | backup/basic: HTTP 403 for https://www.collinsdictionary.com/dictionary/german-english/zuh%C3%B6ren | backup/browser: Browser fetch timed out for https://www.collinsdictionary.com/dictionary/german-english/zuh%C3%B6ren (title='English Translation of “ZUHÖREN” | Collins German-English Dictionary', bytes=383941)"
Zuhörer,noun,der,"primary/basic: No IPA found for selector: phonetics (156982 bytes read) | backup/basic: HTTP 403 for https://www.collinsdictionary.com/dictionary/german-english/Zuh%C3%B6rer | backup/browser: Browser fetch timed out for https://www.collinsdictionary.com/dictionary/german-english/Zuh%C3%B6rer (title='Collins Online Dictionary | Definitions, Thesaurus and Translations', bytes=287650)"
zukommen,verb,,"primary/basic: No IPA found for selector: phonetics (206011 bytes read) | backup/basic: HTTP 403 for https://www.collinsdictionary.com/dictionary/german-english/zukommen | backup/browser: Browser fetch timed out for https://www.collinsdictionary.com/dictionary/german-english/zukommen (title='English Translation of “ZUKOMMEN” | Collins German-English Dictionary', bytes=359926)"
zulassen,verb,,"primary/basic: No IPA found for selector: phonetics (240517 bytes read) | backup/basic: HTTP 403 for https://www.collinsdictionary.com/dictionary/german-english/zulassen | backup/browser: Browser fetch timed out for https://www.collinsdictionary.com/dictionary/german-english/zulassen (title='English Translation of “ZULASSEN” | Collins German-English Dictionary', bytes=301368)"
zulegen,verb,,"primary/basic: No IPA found for selector: phonetics (203251 bytes read) | backup/basic: HTTP 403 for https://www.collinsdictionary.com/dictionary/german-english/zulegen | backup/browser: Browser fetch timed out for https://www.collinsdictionary.com/dictionary/german-english/zulegen (title='English Translation of “ZULEGEN” | Collins German-English Dictionary', bytes=265112)"
zunehmen,verb,,"primary/basic: No IPA found for selector: phonetics (208544 bytes read) | backup/basic: HTTP 403 for https://www.collinsdictionary.com/dictionary/german-english/zunehmen | backup/browser: Browser fetch timed out for https://www.collinsdictionary.com/dictionary/german-english/zunehmen (title='English Translation of “ZUNEHMEN” | Collins German-English Dictionary', bytes=228055)"
Zuordnung,noun,die,"primary/basic: No IPA found for selector: phonetics (153218 bytes read) | backup/basic: HTTP 403 for https://www.collinsdictionary.com/dictionary/german-english/Zuordnung | backup/browser: Browser fetch timed out for https://www.collinsdictionary.com/dictionary/german-english/Zuordnung (title='English Translation of “ZUORDNUNG” | Collins German-English Dictionary', bytes=353406)"
zurückführen,verb,,"primary/basic: No IPA found for selector: phonetics (221793 bytes read) | backup/basic: HTTP 403 for https://www.collinsdictionary.com/dictionary/german-english/zur%C3%BCckf%C3%BChren | backup/browser: Browser fetch timed out for https://www.collinsdictionary.com/dictionary/german-english/zur%C3%BCckf%C3%BChren (title='English Translation of “ZURÜCKFÜHREN” | Collins German-English Dictionary', bytes=357748)"
zurückgeben,verb,,"primary/basic: No IPA found for selector: phonetics (204007 bytes read) | backup/basic: HTTP 403 for https://www.collinsdictionary.com/dictionary/german-english/zur%C3%BCckgeben | backup/browser: Browser fetch timed out for https://www.collinsdictionary.com/dictionary/german-english/zur%C3%BCckgeben (title='English Translation of “ZURÜCKGEBEN” | Collins German-English Dictionary', bytes=395463)"
zurückgehen,verb,,"primary/basic: No IPA found for selector: phonetics (211920 bytes read) | backup/basic: HTTP 403 for https://www.collinsdictionary.com/dictionary/german-english/zur%C3%BCckgehen | backup/browser: Browser fetch timed out for https://www.collinsdictionary.com/dictionary/german-english/zur%C3%BCckgehen (title='English Translation of “ZURÜCKGEHEN” | Collins German-English Dictionary', bytes=295143)"
zurückgreifen,verb,,"primary/basic: No IPA found for selector: phonetics (163863 bytes read) | backup/basic: HTTP 403 for https://www.collinsdictionary.com/dictionary/german-english/zur%C3%BCckgreifen | backup/browser: Browser fetch timed out for https://www.collinsdictionary.com/dictionary/german-english/zur%C3%BCckgreifen (title='English Translation of “ZURÜCKGREIFEN” | Collins German-English Dictionary', bytes=345969)"
zurückhalten,verb,,"primary/basic: No IPA found for selector: phonetics (227111 bytes read) | backup/basic: HTTP 403 for https://www.collinsdictionary.com/dictionary/german-english/zur%C3%BCckhalten | backup/browser: Browser fetch timed out for https://www.collinsdictionary.com/dictionary/german-english/zur%C3%BCckhalten (title='English Translation of “ZURÜCKHALTEN” | Collins German-English Dictionary', bytes=355531)"
zurückkehren,verb,,"primary/basic: No IPA found for selector: phonetics (178834 bytes read) | backup/basic: HTTP 403 for https://www.collinsdictionary.com/dictionary/german-english/zur%C3%BCckkehren | backup/browser: Browser fetch timed out for https://www.collinsdictionary.com/dictionary/german-english/zur%C3%BCckkehren (title='English Translation of “ZURÜCKKEHREN” | Collins German-English Dictionary', bytes=485463)"
zurückkommen,verb,,"primary/basic: No IPA found for selector: phonetics (200423 bytes read) | backup/basic: HTTP 403 for https://www.collinsdictionary.com/dictionary/german-english/zur%C3%BCckkommen | backup/browser: Browser fetch timed out for https://www.collinsdictionary.com/dictionary/german-english/zur%C3%BCckkommen (title='English Translation of “ZURÜCKKOMMEN” | Collins German-English Dictionary', bytes=374830)"
zurücklegen,verb,,"primary/basic: No IPA found for selector: phonetics (204616 bytes read) | backup/basic: HTTP 403 for https://www.collinsdictionary.com/dictionary/german-english/zur%C3%BCcklegen | backup/browser: Browser fetch timed out for https://www.collinsdictionary.com/dictionary/german-english/zur%C3%BCcklegen (title='English Translation of “ZURÜCKLEGEN” | Collins German-English Dictionary', bytes=356701)"
zurücktreten,verb,,"primary/basic: No IPA found for selector: phonetics (198150 bytes read) | backup/basic: HTTP 403 for https://www.collinsdictionary.com/dictionary/german-english/zur%C3%BCcktreten | backup/browser: Browser fetch timed out for https://www.collinsdictionary.com/dictionary/german-english/zur%C3%BCcktreten (title='English Translation of “ZURÜCKTRETEN” | Collins German-English Dictionary', bytes=287070)"
zurückweisen,verb,,"primary/basic: No IPA found for selector: phonetics (183632 bytes read) | backup/basic: HTTP 403 for https://www.collinsdictionary.com/dictionary/german-english/zur%C3%BCckweisen | backup/browser: Browser fetch timed out for https://www.collinsdictionary.com/dictionary/german-english/zur%C3%BCckweisen (title='English Translation of “ZURÜCKWEISEN” | Collins German-English Dictionary', bytes=395093)"
zurückziehen,verb,,"primary/basic: No IPA found for selector: phonetics (219082 bytes read) | backup/basic: HTTP 403 for https://www.collinsdictionary.com/dictionary/german-english/zur%C3%BCckziehen | backup/browser: Browser fetch timed out for https://www.collinsdictionary.com/dictionary/german-english/zur%C3%BCckziehen (title='English Translation of “ZURÜCKZIEHEN” | Collins German-English Dictionary', bytes=282573)"
zusagen,verb,,"primary/basic: No IPA found for selector: phonetics (220635 bytes read) | backup/basic: HTTP 403 for https://www.collinsdictionary.com/dictionary/german-english/zusagen | backup/browser: Browser fetch timed out for https://www.collinsdictionary.com/dictionary/german-english/zusagen (title='English Translation of “ZUSAGEN” | Collins German-English Dictionary', bytes=376662)"
Zusammenarbeit,noun,die,"primary/basic: No IPA found for selector: phonetics (187167 bytes read) | backup/basic: HTTP 403 for https://www.collinsdictionary.com/dictionary/german-english/Zusammenarbeit | backup/browser: Browser fetch timed out for https://www.collinsdictionary.com/dictionary/german-english/Zusammenarbeit (title='English Translation of “ZUSAMMENARBEIT” | Collins German-English Dictionary', bytes=307890)"
zusammenarbeiten,verb,,"primary/basic: No IPA found for selector: phonetics (189477 bytes read) | backup/basic: HTTP 403 for https://www.collinsdictionary.com/dictionary/german-english/zusammenarbeiten | backup/browser: Browser fetch timed out for https://www.collinsdictionary.com/dictionary/german-english/zusammenarbeiten (title='English Translation of “ZUSAMMENARBEITEN” | Collins German-English Dictionary', bytes=394530)"
zusammenfassen,verb,,"primary/basic: No IPA found for selector: phonetics (226911 bytes read) | backup/basic: HTTP 403 for https://www.collinsdictionary.com/dictionary/german-english/zusammenfassen | backup/browser: Browser fetch timed out for https://www.collinsdictionary.com/dictionary/german-english/zusammenfassen (title='English Translation of “ZUSAMMENFASSEN” | Collins German-English Dictionary', bytes=312578)"
Zusammenhang,noun,der,"primary/basic: No IPA found for selector: phonetics (226681 bytes read) | backup/basic: HTTP 403 for https://www.collinsdictionary.com/dictionary/german-english/Zusammenhang | backup/browser: Browser fetch timed out for https://www.collinsdictionary.com/dictionary/german-english/Zusammenhang (title='English Translation of “ZUSAMMENHANG” | Collins German-English Dictionary', bytes=385631)"
zusammenhängen,verb,,"primary/basic: No IPA found for selector: phonetics (246024 bytes read) | backup/basic: HTTP 403 for https://www.collinsdictionary.com/dictionary/german-english/zusammenh%C3%A4ngen | backup/browser: Browser fetch timed out for https://www.collinsdictionary.com/dictionary/german-english/zusammenh%C3%A4ngen (title='English Translation of “ZUSAMMENHÄNGEN” | Collins German-English Dictionary', bytes=356577)"
zusammenkommen,verb,,"primary/basic: No IPA found for selector: phonetics (201903 bytes read) | backup/basic: HTTP 403 for https://www.collinsdictionary.com/dictionary/german-english/zusammenkommen | backup/browser: Browser fetch timed out for https://www.collinsdictionary.com/dictionary/german-english/zusammenkommen (title='English Translation of “ZUSAMMENKOMMEN” | Collins German-English Dictionary', bytes=381984)"
zusammenleben,verb,,"primary/basic: No IPA found for selector: phonetics (212841 bytes read) | backup/basic: HTTP 403 for https://www.collinsdictionary.com/dictionary/german-english/zusammenleben | backup/browser: Browser fetch timed out for https://www.collinsdictionary.com/dictionary/german-english/zusammenleben (title='English Translation of “ZUSAMMENLEBEN” | Collins German-English Dictionary', bytes=375173)"
zusammensetzen,verb,,"primary/basic: No IPA found for selector: phonetics (218547 bytes read) | backup/basic: HTTP 403 for https://www.collinsdictionary.com/dictionary/german-english/zusammensetzen | backup/browser: Browser fetch timed out for https://www.collinsdictionary.com/dictionary/german-english/zusammensetzen (title='English Translation of “ZUSAMMENSETZEN” | Collins German-English Dictionary', bytes=275530)"
zusammenstellen,verb,,"primary/basic: No IPA found for selector: phonetics (212508 bytes read) | backup/basic: HTTP 403 for https://www.collinsdictionary.com/dictionary/german-english/zusammenstellen | backup/browser: Browser fetch timed out for https://www.collinsdictionary.com/dictionary/german-english/zusammenstellen (title='English Translation of “ZUSAMMENSTELLEN” | Collins German-English Dictionary', bytes=265108)"
zusehen,verb,,"primary/basic: No IPA found for selector: phonetics (239887 bytes read) | backup/basic: HTTP 403 for https://www.collinsdictionary.com/dictionary/german-english/zusehen | backup/browser: Browser fetch timed out for https://www.collinsdictionary.com/dictionary/german-english/zusehen (title='English Translation of “ZUSEHEN” | Collins German-English Dictionary', bytes=228035)"
zustehen,verb,,"primary/basic: No IPA found for selector: phonetics (184848 bytes read) | backup/basic: HTTP 403 for https://www.collinsdictionary.com/dictionary/german-english/zustehen | backup/browser: Browser fetch timed out for https://www.collinsdictionary.com/dictionary/german-english/zustehen (title='English Translation of “ZUSTEHEN” | Collins German-English Dictionary', bytes=373886)"
zustimmen,verb,,"primary/basic: No IPA found for selector: phonetics (197072 bytes read) | backup/basic: HTTP 403 for https://www.collinsdictionary.com/dictionary/german-english/zustimmen | backup/browser: Browser fetch timed out for https://www.collinsdictionary.com/dictionary/german-english/zustimmen (title='English Translation of “ZUSTIMMEN” | Collins German-English Dictionary', bytes=383624)"
Zustimmung,noun,die,"primary/basic: No IPA found for selector: phonetics (204424 bytes read) | backup/basic: HTTP 403 for https://www.collinsdictionary.com/dictionary/german-english/Zustimmung | backup/browser: Browser fetch timed out for https://www.collinsdictionary.com/dictionary/german-english/Zustimmung (title='English Translation of “ZUSTIMMEN” | Collins German-English Dictionary', bytes=373827)"
zutrauen,verb,,"primary/basic: No IPA found for selector: phonetics (237010 bytes read) | backup/basic: HTTP 403 for https://www.collinsdictionary.com/dictionary/german-english/zutrauen | backup/browser: Browser fetch timed out for https://www.collinsdictionary.com/dictionary/german-english/zutrauen (title='English Translation of “ZUTRAUEN” | Collins German-English Dictionary', bytes=362158)"
zutreffen,verb,,"primary/basic: No IPA found for selector: phonetics (219788 bytes read) | backup/basic: HTTP 403 for https://www.collinsdictionary.com/dictionary/german-english/zutreffen | backup/browser: Browser fetch timed out for https://www.collinsdictionary.com/dictionary/german-english/zutreffen (title='English Translation of “ZUTREFFEN” | Collins German-English Dictionary', bytes=358115)"
zuwenden,verb,,"primary/basic: No IPA found for selector: phonetics (209205 bytes read) | backup/basic: HTTP 403 for https://www.collinsdictionary.com/dictionary/german-english/zuwenden | backup/browser: Browser fetch timed out for https://www.collinsdictionary.com/dictionary/german-english/zuwenden (title='English Translation of “ZUWENDEN” | Collins German-English Dictionary', bytes=270524)"
zwangsläufig,adjective,,"primary/basic: No IPA found for selector: phonetics (166475 bytes read) | backup/basic: HTTP 403 for https://www.collinsdictionary.com/dictionary/german-english/zwangsl%C3%A4ufig | backup/browser: Browser fetch timed out for https://www.collinsdictionary.com/dictionary/german-english/zwangsl%C3%A4ufig (title='English Translation of “ZWANGSLÄUFIG” | Collins German-English Dictionary', bytes=362799)"
Änderung,noun,die,"primary/basic: No IPA found for selector: phonetics (205585 bytes read) | backup/basic: HTTP 403 for https://www.collinsdictionary.com/dictionary/german-english/%C3%84nderung | backup/browser: Browser fetch timed out for https://www.collinsdictionary.com/dictionary/german-english/%C3%84nderung (title='English Translation of “ÄNDERUNG” | Collins German-English Dictionary', bytes=199567)"
Öffentlichkeit,noun,die,"primary/basic: No IPA found for selector: phonetics (209582 bytes read) | backup/basic: HTTP 403 for https://www.collinsdictionary.com/dictionary/german-english/%C3%96ffentlichkeit | backup/browser: Browser fetch timed out for https://www.collinsdictionary.com/dictionary/german-english/%C3%96ffentlichkeit (title='English Translation of “ÖFFENTLICHKEIT” | Collins German-English Dictionary', bytes=313884)"
Öffnung,noun,die,"primary/basic: No IPA found for selector: phonetics (186237 bytes read) | backup/basic: HTTP 403 for https://www.collinsdictionary.com/dictionary/german-english/%C3%96ffnung | backup/browser: Browser fetch timed out for https://www.collinsdictionary.com/dictionary/german-english/%C3%96ffnung (title='English Translation of “ÖFFNUNG” | Collins German-English Dictionary', bytes=242354)"
überflüssig,adjective,,"primary/basic: No IPA found for selector: phonetics (184790 bytes read) | backup/basic: HTTP 403 for https://www.collinsdictionary.com/dictionary/german-english/%C3%BCberfl%C3%BCssig | backup/browser: Browser fetch timed out for https://www.collinsdictionary.com/dictionary/german-english/%C3%BCberfl%C3%BCssig (title='English Translation of “ÜBERFLÜSSIG” | Collins German-English Dictionary', bytes=324008)"
Übergang,noun,der,"primary/basic: No IPA found for selector: phonetics (213847 bytes read) | backup/basic: HTTP 403 for https://www.collinsdictionary.com/dictionary/german-english/%C3%9Cbergang | backup/browser: Browser fetch timed out for https://www.collinsdictionary.com/dictionary/german-english/%C3%9Cbergang (title='English Translation of “ÜBERGANG” | Collins German-English Dictionary', bytes=366005)"
Überprüfung,noun,die,"primary/basic: No IPA found for selector: phonetics (212991 bytes read) | backup/basic: HTTP 403 for https://www.collinsdictionary.com/dictionary/german-english/%C3%9Cberpr%C3%BCfung | backup/browser: Browser fetch timed out for https://www.collinsdictionary.com/dictionary/german-english/%C3%9Cberpr%C3%BCfung (title='English Translation of “ÜBERPRÜFUNG” | Collins German-English Dictionary', bytes=352732)"
Übersetzer,noun,der,"primary/basic: No IPA found for selector: phonetics (166981 bytes read) | backup/basic: HTTP 403 for https://www.collinsdictionary.com/dictionary/german-english/%C3%9Cbersetzer | backup/browser: Browser fetch timed out for https://www.collinsdictionary.com/dictionary/german-english/%C3%9Cbersetzer (title='English Translation of “ÜBERSETZER” | Collins German-English Dictionary', bytes=252731)"
Übersetzung,noun,die,"primary/basic: No IPA found for selector: phonetics (183245 bytes read) | backup/basic: HTTP 403 for https://www.collinsdictionary.com/dictionary/german-english/%C3%9Cbersetzung | backup/browser: Browser fetch timed out for https://www.collinsdictionary.com/dictionary/german-english/%C3%9Cbersetzung (title='English Translation of “ÜBERSETZUNG” | Collins German-English Dictionary', bytes=207696)"
Übersicht,noun,die,"primary/basic: No IPA found for selector: phonetics (177837 bytes read) | backup/basic: HTTP 403 for https://www.collinsdictionary.com/dictionary/german-english/%C3%9Cbersicht | backup/browser: Browser fetch timed out for https://www.collinsdictionary.com/dictionary/german-english/%C3%9Cbersicht (title='English Translation of “ÜBERSICHT” | Collins German-English Dictionary', bytes=351819)"
Übertragung,noun,die,"primary/basic: No IPA found for selector: phonetics (241919 bytes read) | backup/basic: HTTP 403 for https://www.collinsdictionary.com/dictionary/german-english/%C3%9Cbertragung | backup/browser: Browser fetch timed out for https://www.collinsdictionary.com/dictionary/german-english/%C3%9Cbertragung (title='English Translation of “ÜBERTRAGUNG” | Collins German-English Dictionary', bytes=311119)"
–jährig,adjective,,"primary/basic: No IPA found for selector: phonetics (123715 bytes read) | backup/basic: HTTP 403 for https://www.collinsdictionary.com/dictionary/german-english/%E2%80%93j%C3%A4hrig | backup/browser: Browser fetch timed out for https://www.collinsdictionary.com/dictionary/german-english/%E2%80%93j%C3%A4hrig (title='English Translation of “-JÄHRIG” | Collins German-English Dictionary', bytes=367683)"
